source_file_name,source_row_number,street,from_street,to_street,addid,addy_from,addy_to,rating_from,rating_to,geojson_from,geojson_to
Planned Fog Seal.csv,24,SE 3RD AVE,HAWTHORNE BLVD,TAYLOR ST,165,"1500 SE 3rd Ave, Portland, OR 97214","900 SW 3rd Ave, Portland, OR 97204",3,3,"{""type"":""Point"",""crs"":{""type"":""name"",""properties"":{""name"":""urn:ogc:def:crs:EPSG::4269""}},""coordinates"":[-122.662806,45.512242]}","{""type"":""Point"",""crs"":{""type"":""name"",""properties"":{""name"":""urn:ogc:def:crs:EPSG::4269""}},""coordinates"":[-122.676259,45.516921]}"
Planned Fog Seal.csv,56,NE  19TH AVE,TILLAMOOK ST,THOMPSON ST,197,"2101 NE 19th Ave, Portland, OR 97212","2301 NE 19th Ave, Portland, OR 97212",3,3,"{""type"":""Point"",""crs"":{""type"":""name"",""properties"":{""name"":""urn:ogc:def:crs:EPSG::4269""}},""coordinates"":[-122.64633,45.537437]}","{""type"":""Point"",""crs"":{""type"":""name"",""properties"":{""name"":""urn:ogc:def:crs:EPSG::4269""}},""coordinates"":[-122.64632,45.538969]}"
Planned Fog Seal.csv,57,NE  26TH AVE,BROADWAY,KNOTT ST,198,"1699 NE 26th Ave, Portland, OR 97232","2701 NE 26th Ave, Portland, OR 97212",3,3,"{""type"":""Point"",""crs"":{""type"":""name"",""properties"":{""name"":""urn:ogc:def:crs:EPSG::4269""}},""coordinates"":[-122.639119,45.535161]}","{""type"":""Point"",""crs"":{""type"":""name"",""properties"":{""name"":""urn:ogc:def:crs:EPSG::4269""}},""coordinates"":[-122.639101,45.542054]}"
Planned Fog Seal.csv,58,NE  27TH AVE,BROADWAY,KNOTT ST,199,"1699 NE 27th Ave, Portland, OR 97232","2701 NE 27th Ave, Portland, OR 97212",3,3,"{""type"":""Point"",""crs"":{""type"":""name"",""properties"":{""name"":""urn:ogc:def:crs:EPSG::4269""}},""coordinates"":[-122.638143,45.535161]}","{""type"":""Point"",""crs"":{""type"":""name"",""properties"":{""name"":""urn:ogc:def:crs:EPSG::4269""}},""coordinates"":[-122.638105,45.54205]}"
Planned Fog Seal.csv,60,NE  36TH AVE,100’ S of U.S. GRANT PL,U.S. GRANT PL,201,"","",-1,-1,,
Planned Fog Seal.csv,61,NE  14TH AVE,BROADWAY,KNOTT ST,202,"SW 14th Ave, Portland, OR","2701 NE 14th Ave, Portland, OR 97212",3,3,"{""type"":""Point"",""crs"":{""type"":""name"",""properties"":{""name"":""urn:ogc:def:crs:EPSG::4269""}},""coordinates"":[-122.694304,45.50541]}","{""type"":""Point"",""crs"":{""type"":""name"",""properties"":{""name"":""urn:ogc:def:crs:EPSG::4269""}},""coordinates"":[-122.651453,45.542088]}"
Planned Fog Seal.csv,62,NE  30TH AVE,HANCOCK ST,KNOTT ST,203,"1901 NE 30th Ave, Portland, OR 97212","2701 NE 30th Ave, Portland, OR 97212",3,3,"{""type"":""Point"",""crs"":{""type"":""name"",""properties"":{""name"":""urn:ogc:def:crs:EPSG::4269""}},""coordinates"":[-122.634991,45.53644]}","{""type"":""Point"",""crs"":{""type"":""name"",""properties"":{""name"":""urn:ogc:def:crs:EPSG::4269""}},""coordinates"":[-122.63502,45.54204]}"
Planned Fog Seal.csv,63,NE  53RD AVE,HALSEY ST,SACRAMENTO ST,204,"1501 NE 53rd Ave, Portland, OR 97213","2399 NE 53rd Ave, Portland, OR 97213",3,3,"{""type"":""Point"",""crs"":{""type"":""name"",""properties"":{""name"":""urn:ogc:def:crs:EPSG::4269""}},""coordinates"":[-122.608843,45.533725]}","{""type"":""Point"",""crs"":{""type"":""name"",""properties"":{""name"":""urn:ogc:def:crs:EPSG::4269""}},""coordinates"":[-122.608886,45.540018]}"
Planned Fog Seal.csv,64,NE  COUCH ST,28TH AVE,CESAR E CHAVEZ BLVD,205,"2799 NE Couch St, Portland, OR 97232","",3,-1,"{""type"":""Point"",""crs"":{""type"":""name"",""properties"":{""name"":""urn:ogc:def:crs:EPSG::4269""}},""coordinates"":[-122.637248,45.523589]}",
Planned Fog Seal.csv,65,SE  56TH AVE,LINCOLN ST,HAWTHORNE BLVD,206,"2098 SE 56th Ave, Portland, OR 97215","1500 SE 56th Ave, Portland, OR 97215",3,3,"{""type"":""Point"",""crs"":{""type"":""name"",""properties"":{""name"":""urn:ogc:def:crs:EPSG::4269""}},""coordinates"":[-122.605508,45.508055]}","{""type"":""Point"",""crs"":{""type"":""name"",""properties"":{""name"":""urn:ogc:def:crs:EPSG::4269""}},""coordinates"":[-122.60561,45.511754]}"
Planned Fog Seal.csv,66,NW  FLANDERS ST,21ST AVE,19TH AVE,207,"2100 NW Flanders St, Portland, OR 97210","1900 NW Flanders St, Portland, OR 97209",3,3,"{""type"":""Point"",""crs"":{""type"":""name"",""properties"":{""name"":""urn:ogc:def:crs:EPSG::4269""}},""coordinates"":[-122.694393,45.525587]}","{""type"":""Point"",""crs"":{""type"":""name"",""properties"":{""name"":""urn:ogc:def:crs:EPSG::4269""}},""coordinates"":[-122.690336,45.525661]}"
Planned Fog Seal.csv,67,SW  MONTGOMERY ST,HARBOR DR,RIVER DR,208,"101 SW Montgomery St, Portland, OR 97201","298 SW Montgomery St, Portland, OR 97201",3,3,"{""type"":""Point"",""crs"":{""type"":""name"",""properties"":{""name"":""urn:ogc:def:crs:EPSG::4269""}},""coordinates"":[-122.675387,45.5098]}","{""type"":""Point"",""crs"":{""type"":""name"",""properties"":{""name"":""urn:ogc:def:crs:EPSG::4269""}},""coordinates"":[-122.674855,45.509667]}"
Planned Paving.csv,1,N Vancouver Ave,N Russell St,N Monroe St,209,"2601 N Vancouver Ave, Portland, OR 97227","3100 N Vancouver Ave, Portland, OR 97227",2,2,"{""type"":""Point"",""crs"":{""type"":""name"",""properties"":{""name"":""urn:ogc:def:crs:EPSG::4269""}},""coordinates"":[-122.667928,45.541027]}","{""type"":""Point"",""crs"":{""type"":""name"",""properties"":{""name"":""urn:ogc:def:crs:EPSG::4269""}},""coordinates"":[-122.667968,45.545358]}"
Planned Paving.csv,2,Se Martin Luther King Jr Blvd,Se Mill St,Se Madison St,210,"1800 SE Martin Luther King Jr Blvd, Portland, OR 97214","SE Martin Luther King Jr Blvd, Portland, OR",3,3,"{""type"":""Point"",""crs"":{""type"":""name"",""properties"":{""name"":""urn:ogc:def:crs:EPSG::4269""}},""coordinates"":[-122.661874,45.5101]}","{""type"":""Point"",""crs"":{""type"":""name"",""properties"":{""name"":""urn:ogc:def:crs:EPSG::4269""}},""coordinates"":[-122.661832,45.512979]}"
Planned Paving.csv,3,Sw 10Th Ave,Main St,Burnside St,211,"1098 SW 10th Ave, Portland, OR 97205","1 NW 10th Ave, Portland, OR 97209",3,3,"{""type"":""Point"",""crs"":{""type"":""name"",""properties"":{""name"":""urn:ogc:def:crs:EPSG::4269""}},""coordinates"":[-122.683543,45.517343]}","{""type"":""Point"",""crs"":{""type"":""name"",""properties"":{""name"":""urn:ogc:def:crs:EPSG::4269""}},""coordinates"":[-122.681121,45.522976]}"
Planned Paving.csv,4,Nw 10Th Ave,Burnside St,Irving St,212,"1 NW 10th Ave, Portland, OR 97209","701 NW 10th Ave, Portland, OR 97209",3,3,"{""type"":""Point"",""crs"":{""type"":""name"",""properties"":{""name"":""urn:ogc:def:crs:EPSG::4269""}},""coordinates"":[-122.681121,45.522976]}","{""type"":""Point"",""crs"":{""type"":""name"",""properties"":{""name"":""urn:ogc:def:crs:EPSG::4269""}},""coordinates"":[-122.681296,45.527961]}"
Planned Paving.csv,5,Nw Glisan St,11Th Ave,Broadway,213,"1098 NW Glisan St, Portland, OR 97209","700 NW Glisan St, Portland, OR 97209",3,3,"{""type"":""Point"",""crs"":{""type"":""name"",""properties"":{""name"":""urn:ogc:def:crs:EPSG::4269""}},""coordinates"":[-122.682249,45.526523]}","{""type"":""Point"",""crs"":{""type"":""name"",""properties"":{""name"":""urn:ogc:def:crs:EPSG::4269""}},""coordinates"":[-122.677568,45.526608]}"
Planned Paving.csv,6,Se Martin Luther King Jr Blvd,Washington St,Burnside St,214,"598 SE Martin Luther King Jr Blvd, Portland, OR 97214","1 NE Martin Luther King Jr Blvd, Portland, OR 97232",3,3,"{""type"":""Point"",""crs"":{""type"":""name"",""properties"":{""name"":""urn:ogc:def:crs:EPSG::4269""}},""coordinates"":[-122.661788,45.518657]}","{""type"":""Point"",""crs"":{""type"":""name"",""properties"":{""name"":""urn:ogc:def:crs:EPSG::4269""}},""coordinates"":[-122.661768,45.522937]}"
Planned Fog Seal.csv,25,SE  36TH AVE,SALMON ST,YAMHILL ST,166,"1198 SE 36th Ave, Portland, OR 97214","1000 SE 36th Ave, Portland, OR 97214",3,3,"{""type"":""Point"",""crs"":{""type"":""name"",""properties"":{""name"":""urn:ogc:def:crs:EPSG::4269""}},""coordinates"":[-122.626836,45.51431]}","{""type"":""Point"",""crs"":{""type"":""name"",""properties"":{""name"":""urn:ogc:def:crs:EPSG::4269""}},""coordinates"":[-122.62683,45.515735]}"
Planned Fog Seal.csv,26,SE  17TH AVE,HAWTHORNE BLVD,BELMONT ST,167,"1498 SE 17th Ave, Portland, OR 97214","898 SE 17th Ave, Portland, OR 97214",3,3,"{""type"":""Point"",""crs"":{""type"":""name"",""properties"":{""name"":""urn:ogc:def:crs:EPSG::4269""}},""coordinates"":[-122.648606,45.512194]}","{""type"":""Point"",""crs"":{""type"":""name"",""properties"":{""name"":""urn:ogc:def:crs:EPSG::4269""}},""coordinates"":[-122.648577,45.516473]}"
Planned Fog Seal.csv,27,SE  28TH AVE,HAWTHORNE BLVD,BELMONT ST,168,"1498 SE 28th Ave, Portland, OR 97214","898 SE 28th Ave, Portland, OR 97214",3,3,"{""type"":""Point"",""crs"":{""type"":""name"",""properties"":{""name"":""urn:ogc:def:crs:EPSG::4269""}},""coordinates"":[-122.637131,45.512071]}","{""type"":""Point"",""crs"":{""type"":""name"",""properties"":{""name"":""urn:ogc:def:crs:EPSG::4269""}},""coordinates"":[-122.6371,45.516435]}"
Planned Fog Seal.csv,28,SE  47TH AVE,SALMON ST,YAMHILL ST,169,"1198 SE 47th Ave, Portland, OR 97215","1000 SE 47th Ave, Portland, OR 97215",3,3,"{""type"":""Point"",""crs"":{""type"":""name"",""properties"":{""name"":""urn:ogc:def:crs:EPSG::4269""}},""coordinates"":[-122.614107,45.514639]}","{""type"":""Point"",""crs"":{""type"":""name"",""properties"":{""name"":""urn:ogc:def:crs:EPSG::4269""}},""coordinates"":[-122.614106,45.515955]}"
Planned Fog Seal.csv,29,SE  9TH AVE,MAIN ST,BELMONT ST,170,"1101 SW 9th Ave, Portland, OR 97205","898 SE 9th Ave, Portland, OR 97214",3,3,"{""type"":""Point"",""crs"":{""type"":""name"",""properties"":{""name"":""urn:ogc:def:crs:EPSG::4269""}},""coordinates"":[-122.682541,45.517073]}","{""type"":""Point"",""crs"":{""type"":""name"",""properties"":{""name"":""urn:ogc:def:crs:EPSG::4269""}},""coordinates"":[-122.656692,45.516501]}"
Planned Fog Seal.csv,30,SE  32ND PL,HAWTHORNE BLVD,SALMON ST,171,"1498 SE 32nd Ave, Portland, OR 97214","1200 SE 32nd Pl, Portland, OR 97214",6,3,"{""type"":""Point"",""crs"":{""type"":""name"",""properties"":{""name"":""urn:ogc:def:crs:EPSG::4269""}},""coordinates"":[-122.632722,45.512067]}","{""type"":""Point"",""crs"":{""type"":""name"",""properties"":{""name"":""urn:ogc:def:crs:EPSG::4269""}},""coordinates"":[-122.631711,45.514316]}"
Planned Fog Seal.csv,31,SE  56TH AVE,MADISON ST,SALMON ST,172,"1398 SE 56th Ave, Portland, OR 97215","1200 SE 56th Ave, Portland, OR 97215",3,3,"{""type"":""Point"",""crs"":{""type"":""name"",""properties"":{""name"":""urn:ogc:def:crs:EPSG::4269""}},""coordinates"":[-122.605633,45.512868]}","{""type"":""Point"",""crs"":{""type"":""name"",""properties"":{""name"":""urn:ogc:def:crs:EPSG::4269""}},""coordinates"":[-122.605629,45.513944]}"
Planned Fog Seal.csv,32,SE  58TH AVE,LINCOLN ST,SALMON ST,173,"2098 SE 58th Ave, Portland, OR 97215","1100 SW 58th Ave, Portland, OR 97221",3,3,"{""type"":""Point"",""crs"":{""type"":""name"",""properties"":{""name"":""urn:ogc:def:crs:EPSG::4269""}},""coordinates"":[-122.603489,45.508067]}","{""type"":""Point"",""crs"":{""type"":""name"",""properties"":{""name"":""urn:ogc:def:crs:EPSG::4269""}},""coordinates"":[-122.737131,45.514859]}"
Planned Fog Seal.csv,33,SE  MAPLE AVE,POPLAR AVE,16TH AVE,174,"1799 SE Maple Ave, Portland, OR 97214","1798 SE Maple Ave, Portland, OR 97214",3,3,"{""type"":""Point"",""crs"":{""type"":""name"",""properties"":{""name"":""urn:ogc:def:crs:EPSG::4269""}},""coordinates"":[-122.649393,45.510003]}","{""type"":""Point"",""crs"":{""type"":""name"",""properties"":{""name"":""urn:ogc:def:crs:EPSG::4269""}},""coordinates"":[-122.649796,45.510346]}"
Planned Fog Seal.csv,34,SE  HOLLY ST,MAPLE AVE,POPLAR AVE,175,"1501 SE Holly St, Portland, OR 97214","1699 SE Holly St, Portland, OR 97214",3,3,"{""type"":""Point"",""crs"":{""type"":""name"",""properties"":{""name"":""urn:ogc:def:crs:EPSG::4269""}},""coordinates"":[-122.650897,45.511293]}","{""type"":""Point"",""crs"":{""type"":""name"",""properties"":{""name"":""urn:ogc:def:crs:EPSG::4269""}},""coordinates"":[-122.647896,45.51128]}"
Planned Fog Seal.csv,35,SE  POPLAR AVE,16TH AVE,HAWTHORNE BLVD,176,"1798 SE Poplar Ave, Portland, OR 97214","1500 SE Poplar Ave, Portland, OR 97214",3,3,"{""type"":""Point"",""crs"":{""type"":""name"",""properties"":{""name"":""urn:ogc:def:crs:EPSG::4269""}},""coordinates"":[-122.649393,45.510003]}","{""type"":""Point"",""crs"":{""type"":""name"",""properties"":{""name"":""urn:ogc:def:crs:EPSG::4269""}},""coordinates"":[-122.646835,45.512187]}"
Planned Fog Seal.csv,36,SE  LOCUST AVE,CYPRESS AVE,20TH AVE,177,"1999 SE Locust Ave, Portland, OR 97214","1700 SE Locust Ave, Portland, OR 97214",3,3,"{""type"":""Point"",""crs"":{""type"":""name"",""properties"":{""name"":""urn:ogc:def:crs:EPSG::4269""}},""coordinates"":[-122.647684,45.508531]}","{""type"":""Point"",""crs"":{""type"":""name"",""properties"":{""name"":""urn:ogc:def:crs:EPSG::4269""}},""coordinates"":[-122.645113,45.510719]}"
Planned Fog Seal.csv,37,SE  16TH AVE,LADD AVE,POPLAR AVE,178,"1998 SE 16th Ave, Portland, OR 97214","1800 SE 16th Ave, Portland, OR 97214",3,3,"{""type"":""Point"",""crs"":{""type"":""name"",""properties"":{""name"":""urn:ogc:def:crs:EPSG::4269""}},""coordinates"":[-122.649399,45.508918]}","{""type"":""Point"",""crs"":{""type"":""name"",""properties"":{""name"":""urn:ogc:def:crs:EPSG::4269""}},""coordinates"":[-122.649393,45.510003]}"
Planned Fog Seal.csv,38,SE  CYPRESS AVE,HARRISON ST,LOCUST ST,179,"2000 SE Cypress Ave, Portland, OR 97214","2000 SE Cypress Ave, Portland, OR 97214",3,3,"{""type"":""Point"",""crs"":{""type"":""name"",""properties"":{""name"":""urn:ogc:def:crs:EPSG::4269""}},""coordinates"":[-122.647684,45.508531]}","{""type"":""Point"",""crs"":{""type"":""name"",""properties"":{""name"":""urn:ogc:def:crs:EPSG::4269""}},""coordinates"":[-122.647684,45.508531]}"
Planned Fog Seal.csv,39,SE  47TH AVE,LINCOLN ST,HARRISON ST,180,"2098 SE 47th Ave, Portland, OR 97215","1998 SE 47th Ave, Portland, OR 97215",3,3,"{""type"":""Point"",""crs"":{""type"":""name"",""properties"":{""name"":""urn:ogc:def:crs:EPSG::4269""}},""coordinates"":[-122.614172,45.508006]}","{""type"":""Point"",""crs"":{""type"":""name"",""properties"":{""name"":""urn:ogc:def:crs:EPSG::4269""}},""coordinates"":[-122.614117,45.508755]}"
Planned Fog Seal.csv,40,SE  51ST AVE,LINCOLN ST,HAWTHORNE BLVD,181,"2100 SE 51st Ave, Portland, OR 97215","1498 SE 51st Ave, Portland, OR 97215",3,3,"{""type"":""Point"",""crs"":{""type"":""name"",""properties"":{""name"":""urn:ogc:def:crs:EPSG::4269""}},""coordinates"":[-122.609986,45.508026]}","{""type"":""Point"",""crs"":{""type"":""name"",""properties"":{""name"":""urn:ogc:def:crs:EPSG::4269""}},""coordinates"":[-122.610326,45.512018]}"
Planned Fog Seal.csv,41,NE  45TH AVE,ALAMEDA ST,FREMONT ST,182,"2801 NE 45th Ave, Portland, OR 97213","3501 NE 45th Ave, Portland, OR 97213",3,3,"{""type"":""Point"",""crs"":{""type"":""name"",""properties"":{""name"":""urn:ogc:def:crs:EPSG::4269""}},""coordinates"":[-122.616775,45.542737]}","{""type"":""Point"",""crs"":{""type"":""name"",""properties"":{""name"":""urn:ogc:def:crs:EPSG::4269""}},""coordinates"":[-122.617136,45.548292]}"
G_P Schedule as of 1-5-2017.pdf,1,NE 122nd Ave, Stanton,Halsey,1,"2899 NE 122nd Ave, Portland, OR 97230","1501 NE 122nd Ave, Portland, OR 97230",3,3,"{""type"":""Point"",""crs"":{""type"":""name"",""properties"":{""name"":""urn:ogc:def:crs:EPSG::4269""}},""coordinates"":[-122.537466,45.54275]}","{""type"":""Point"",""crs"":{""type"":""name"",""properties"":{""name"":""urn:ogc:def:crs:EPSG::4269""}},""coordinates"":[-122.537636,45.533574]}"
G_P Schedule as of 1-5-2017.pdf,2,NE 102nd Ave, Burnside St,Weidler St,2,"100 SE 102nd Ave, Portland, OR 97216","1598 NE 102nd Ave, Portland, OR 97220",3,3,"{""type"":""Point"",""crs"":{""type"":""name"",""properties"":{""name"":""urn:ogc:def:crs:EPSG::4269""}},""coordinates"":[-122.55829,45.522641]}","{""type"":""Point"",""crs"":{""type"":""name"",""properties"":{""name"":""urn:ogc:def:crs:EPSG::4269""}},""coordinates"":[-122.558042,45.534127]}"
G_P Schedule as of 1-5-2017.pdf,3,SE 17th Ave, Andover Pl,Clatsop St,3,"","8598 SE 17th Ave, Portland, OR 97202",-1,3,,"{""type"":""Point"",""crs"":{""type"":""name"",""properties"":{""name"":""urn:ogc:def:crs:EPSG::4269""}},""coordinates"":[-122.647043,45.460754]}"
G_P Schedule as of 1-5-2017.pdf,4,SE Clinton St, 21st Ave,26th Ave,4,"2099 SE Clinton St, Portland, OR 97202","2599 SE Clinton St, Portland, OR 97202",3,3,"{""type"":""Point"",""crs"":{""type"":""name"",""properties"":{""name"":""urn:ogc:def:crs:EPSG::4269""}},""coordinates"":[-122.644621,45.503394]}","{""type"":""Point"",""crs"":{""type"":""name"",""properties"":{""name"":""urn:ogc:def:crs:EPSG::4269""}},""coordinates"":[-122.639652,45.503434]}"
G_P Schedule as of 1-5-2017.pdf,5,SW Jefferson St, 841'W of 20th Ave (N side),Park Ave (W leg),5,"","900 SW Jefferson St, Portland, OR 97201",-1,3,,"{""type"":""Point"",""crs"":{""type"":""name"",""properties"":{""name"":""urn:ogc:def:crs:EPSG::4269""}},""coordinates"":[-122.683269,45.515741]}"
Planned Fog Seal.csv,23,SE  YAMHILL ST,CESAR E CHAVEZ BLVD,45TH AVE,164,"","4499 SE Yamhill St, Portland, OR 97215",-1,3,,"{""type"":""Point"",""crs"":{""type"":""name"",""properties"":{""name"":""urn:ogc:def:crs:EPSG::4269""}},""coordinates"":[-122.616147,45.515716]}"
G_P Schedule as of 1-5-2017.pdf,22,N Rosa Parks Way, Willamette Blvd,Delaware Ave,20,"","",-1,-1,,
G_P Schedule as of 1-5-2017.pdf,23,N Rosa Parks Way, Interstate Ave,Williams Ave,21,"","",-1,-1,,
G_P Schedule as of 1-5-2017.pdf,24,SE Tolman St, Bybee Blvd,118'E of 36th Ave,22,"2701 SE Tolman St, Portland, OR 97202","",3,-1,"{""type"":""Point"",""crs"":{""type"":""name"",""properties"":{""name"":""urn:ogc:def:crs:EPSG::4269""}},""coordinates"":[-122.635835,45.474364]}",
G_P Schedule as of 1-5-2017.pdf,25,N Williams Ave, Beech St,Jessup St,23,"3701 N Williams Ave, Portland, OR 97227","5701 N Williams Ave, Portland, OR 97217",2,2,"{""type"":""Point"",""crs"":{""type"":""name"",""properties"":{""name"":""urn:ogc:def:crs:EPSG::4269""}},""coordinates"":[-122.666712,45.549533]}","{""type"":""Point"",""crs"":{""type"":""name"",""properties"":{""name"":""urn:ogc:def:crs:EPSG::4269""}},""coordinates"":[-122.666907,45.563886]}"
G_P Schedule as of 1-5-2017.pdf,26,SE Harold St, 52nd Ave,Foster Rd,24,"5199 SE Harold St, Portland, OR 97206","8199 SE Harold St, Portland, OR 97206",3,3,"{""type"":""Point"",""crs"":{""type"":""name"",""properties"":{""name"":""urn:ogc:def:crs:EPSG::4269""}},""coordinates"":[-122.608737,45.48272]}","{""type"":""Point"",""crs"":{""type"":""name"",""properties"":{""name"":""urn:ogc:def:crs:EPSG::4269""}},""coordinates"":[-122.579624,45.483051]}"
G_P Schedule as of 1-5-2017.pdf,27,SE Harold St, 92nd Ave,96th Ave,25,"9201 SE Harold St, Portland, OR 97266","9601 SE Harold St, Portland, OR 97266",3,3,"{""type"":""Point"",""crs"":{""type"":""name"",""properties"":{""name"":""urn:ogc:def:crs:EPSG::4269""}},""coordinates"":[-122.568603,45.482818]}","{""type"":""Point"",""crs"":{""type"":""name"",""properties"":{""name"":""urn:ogc:def:crs:EPSG::4269""}},""coordinates"":[-122.564706,45.482704]}"
G_P Schedule as of 1-5-2017.pdf,28,SE Cesar Chavez blvd, Holgate Blvd,Burnside St,26,"","",-1,-1,,
G_P Schedule as of 1-5-2017.pdf,29,N Willamette Blvd, 1041'W of Macrum Ave,Wall Ave,27,"","6100 N Willamette Blvd, Portland, OR 97203",-1,2,,"{""type"":""Point"",""crs"":{""type"":""name"",""properties"":{""name"":""urn:ogc:def:crs:EPSG::4269""}},""coordinates"":[-122.734254,45.578431]}"
G_P Schedule as of 1-5-2017.pdf,30,N Albina, Prescott St,Ainsworth St,28,"4499 N Albina Ave, Portland, OR 97217","6001 N Albina Ave, Portland, OR 97217",6,6,"{""type"":""Point"",""crs"":{""type"":""name"",""properties"":{""name"":""urn:ogc:def:crs:EPSG::4269""}},""coordinates"":[-122.674448,45.555495]}","{""type"":""Point"",""crs"":{""type"":""name"",""properties"":{""name"":""urn:ogc:def:crs:EPSG::4269""}},""coordinates"":[-122.67492,45.566414]}"
G_P Schedule as of 1-5-2017.pdf,31,SE 27th Ave, Crystal Springs Blvd,Bybee Blvd,29,"7998 SE 27th Ave, Portland, OR 97202","7000 SE 27th Ave, Portland, OR 97202",3,3,"{""type"":""Point"",""crs"":{""type"":""name"",""properties"":{""name"":""urn:ogc:def:crs:EPSG::4269""}},""coordinates"":[-122.635487,45.467697]}","{""type"":""Point"",""crs"":{""type"":""name"",""properties"":{""name"":""urn:ogc:def:crs:EPSG::4269""}},""coordinates"":[-122.63766,45.474365]}"
G_P Schedule as of 1-5-2017.pdf,32,N Killingsworth St, Borthwick Ave,Williams Ave,30,"700 N Killingsworth St, Portland, OR 97217","2 N Killingsworth St, Portland, OR 97217",2,2,"{""type"":""Point"",""crs"":{""type"":""name"",""properties"":{""name"":""urn:ogc:def:crs:EPSG::4269""}},""coordinates"":[-122.67395,45.562685]}","{""type"":""Point"",""crs"":{""type"":""name"",""properties"":{""name"":""urn:ogc:def:crs:EPSG::4269""}},""coordinates"":[-122.666921,45.562717]}"
G_P Schedule as of 1-5-2017.pdf,33,N St. Louis Ave, Ivanhoe St,Pier Park Pl,31,"","",-1,-1,,
G_P Schedule as of 1-5-2017.pdf,34,NW Thurman St, 26th Ave,15th Ave,32,"2600 NW Thurman St, Portland, OR 97210","1500 NW Thurman St, Portland, OR 97209",3,3,"{""type"":""Point"",""crs"":{""type"":""name"",""properties"":{""name"":""urn:ogc:def:crs:EPSG::4269""}},""coordinates"":[-122.70483,45.535381]}","{""type"":""Point"",""crs"":{""type"":""name"",""properties"":{""name"":""urn:ogc:def:crs:EPSG::4269""}},""coordinates"":[-122.68665,45.535716]}"
Pavement Moratorium.csv,37,318 Sw 3Rd Ave,Sw Stark St,Sw Oak St,69,"","",-1,-1,,
Pavement Moratorium.csv,38,Ne 8Th Ave- ,Ne Hancock St,,70,"","",-1,-1,,
Planned Fog Seal.csv,59,NE  35TH AVE,118’ S of U.S. GRANT PL,U.S. GRANT PL,200,"","",-1,-1,,
G_P Schedule as of 1-5-2017.pdf,6,SW Morrison St, 18th Ave,11th Ave,6,"1798 SW Morrison St, Portland, OR 97205","1100 SW Morrison St, Portland, OR 97205",3,3,"{""type"":""Point"",""crs"":{""type"":""name"",""properties"":{""name"":""urn:ogc:def:crs:EPSG::4269""}},""coordinates"":[-122.69013,45.522164]}","{""type"":""Point"",""crs"":{""type"":""name"",""properties"":{""name"":""urn:ogc:def:crs:EPSG::4269""}},""coordinates"":[-122.683122,45.520283]}"
G_P Schedule as of 1-5-2017.pdf,7,SW Arthur St, 3rd Ave,241'E of 1st Ave,7,"300 SW Arthur St, Portland, OR 97201","",3,-1,"{""type"":""Point"",""crs"":{""type"":""name"",""properties"":{""name"":""urn:ogc:def:crs:EPSG::4269""}},""coordinates"":[-122.68087,45.503744]}",
G_P Schedule as of 1-5-2017.pdf,8,SW Caruthers St, 6th Ave,3rd Ave,8,"600 SW Caruthers St, Portland, OR 97201","300 SW Caruthers St, Portland, OR 97201",3,3,"{""type"":""Point"",""crs"":{""type"":""name"",""properties"":{""name"":""urn:ogc:def:crs:EPSG::4269""}},""coordinates"":[-122.684316,45.505921]}","{""type"":""Point"",""crs"":{""type"":""name"",""properties"":{""name"":""urn:ogc:def:crs:EPSG::4269""}},""coordinates"":[-122.680983,45.505397]}"
G_P Schedule as of 1-5-2017.pdf,9,SE 46th Ave, Glenwood St,Woodstock Blvd,9,"6698 SE 46th Ave, Portland, OR 97206","5998 SE 46th Ave, Portland, OR 97206",3,3,"{""type"":""Point"",""crs"":{""type"":""name"",""properties"":{""name"":""urn:ogc:def:crs:EPSG::4269""}},""coordinates"":[-122.615502,45.474692]}","{""type"":""Point"",""crs"":{""type"":""name"",""properties"":{""name"":""urn:ogc:def:crs:EPSG::4269""}},""coordinates"":[-122.615444,45.479177]}"
G_P Schedule as of 1-5-2017.pdf,10,SE Sandy Blvd, Stark St,Burnside St,10,"799 SE Sandy Blvd, Portland, OR 97214","1201 NE Sandy Blvd, Portland, OR 97232",3,3,"{""type"":""Point"",""crs"":{""type"":""name"",""properties"":{""name"":""urn:ogc:def:crs:EPSG::4269""}},""coordinates"":[-122.657741,45.519356]}","{""type"":""Point"",""crs"":{""type"":""name"",""properties"":{""name"":""urn:ogc:def:crs:EPSG::4269""}},""coordinates"":[-122.65323,45.522913]}"
G_P Schedule as of 1-5-2017.pdf,11,N Greeley Ave, Interstate Ave,Lombard St,11,"3201 N Greeley Ave, Portland, OR 97217","N Greeley Ave, Portland, OR",2,2,"{""type"":""Point"",""crs"":{""type"":""name"",""properties"":{""name"":""urn:ogc:def:crs:EPSG::4269""}},""coordinates"":[-122.677539,45.544651]}","{""type"":""Point"",""crs"":{""type"":""name"",""properties"":{""name"":""urn:ogc:def:crs:EPSG::4269""}},""coordinates"":[-122.695481,45.577126]}"
G_P Schedule as of 1-5-2017.pdf,12,SW Beaverton-Hillsdale Hwy, 21st/Bertha Ct,39th,12,"","4000 SW Hwy Beaverton-Hillsdale, Portland, OR 97221",-1,3,,"{""type"":""Point"",""crs"":{""type"":""name"",""properties"":{""name"":""urn:ogc:def:crs:EPSG::4269""}},""coordinates"":[-122.716694,45.48457]}"
G_P Schedule as of 1-5-2017.pdf,13,N Columbia Blvd, Peninsular Ave,Interstate Pl. ***shortened,13,"2998 N Columbia Blvd, Portland, OR 97217","1600 N Columbia Blvd, Portland, OR 97217",2,2,"{""type"":""Point"",""crs"":{""type"":""name"",""properties"":{""name"":""urn:ogc:def:crs:EPSG::4269""}},""coordinates"":[-122.697216,45.5888]}","{""type"":""Point"",""crs"":{""type"":""name"",""properties"":{""name"":""urn:ogc:def:crs:EPSG::4269""}},""coordinates"":[-122.682661,45.58468]}"
G_P Schedule as of 1-5-2017.pdf,14,SW Washington St, 9th Ave,1st Ave,14,"900 SW Washington St, Portland, OR 97205","SW Washington St, Portland, OR",3,3,"{""type"":""Point"",""crs"":{""type"":""name"",""properties"":{""name"":""urn:ogc:def:crs:EPSG::4269""}},""coordinates"":[-122.680423,45.521083]}","{""type"":""Point"",""crs"":{""type"":""name"",""properties"":{""name"":""urn:ogc:def:crs:EPSG::4269""}},""coordinates"":[-122.672883,45.519071]}"
G_P Schedule as of 1-5-2017.pdf,15,NW Glisan St, 11th Ave,Broadway,15,"1098 NW Glisan St, Portland, OR 97209","700 NW Glisan St, Portland, OR 97209",3,3,"{""type"":""Point"",""crs"":{""type"":""name"",""properties"":{""name"":""urn:ogc:def:crs:EPSG::4269""}},""coordinates"":[-122.682249,45.526523]}","{""type"":""Point"",""crs"":{""type"":""name"",""properties"":{""name"":""urn:ogc:def:crs:EPSG::4269""}},""coordinates"":[-122.677568,45.526608]}"
G_P Schedule as of 1-5-2017.pdf,18,NW 21st Ave, Marshall St,Thurman Ramp,16,"1101 NW 21st Ave, Portland, OR 97209","1800 NW 21st Ave, Portland, OR 97209",3,3,"{""type"":""Point"",""crs"":{""type"":""name"",""properties"":{""name"":""urn:ogc:def:crs:EPSG::4269""}},""coordinates"":[-122.694579,45.530577]}","{""type"":""Point"",""crs"":{""type"":""name"",""properties"":{""name"":""urn:ogc:def:crs:EPSG::4269""}},""coordinates"":[-122.694762,45.53557]}"
G_P Schedule as of 1-5-2017.pdf,19,NW 14th Ave, Burnside St,Northrup St,17,"1 NE 14th Ave, Portland, OR 97232","1201 NW 14th Ave, Portland, OR 97209",3,3,"{""type"":""Point"",""crs"":{""type"":""name"",""properties"":{""name"":""urn:ogc:def:crs:EPSG::4269""}},""coordinates"":[-122.651577,45.522901]}","{""type"":""Point"",""crs"":{""type"":""name"",""properties"":{""name"":""urn:ogc:def:crs:EPSG::4269""}},""coordinates"":[-122.685477,45.531457]}"
G_P Schedule as of 1-5-2017.pdf,20,NW 21st Ave, Vaughn St,Sherlock Ave,18,"2001 NW 21st Ave, Portland, OR 97209","2499 NW 21st Ave, Portland, OR 97209",3,3,"{""type"":""Point"",""crs"":{""type"":""name"",""properties"":{""name"":""urn:ogc:def:crs:EPSG::4269""}},""coordinates"":[-122.694806,45.536972]}","{""type"":""Point"",""crs"":{""type"":""name"",""properties"":{""name"":""urn:ogc:def:crs:EPSG::4269""}},""coordinates"":[-122.694707,45.540732]}"
G_P Schedule as of 1-5-2017.pdf,21,NE 57th Ave, Halsey St,Fremont St,19,"1501 NE 57th Ave, Portland, OR 97213","3501 NE 57th Ave, Portland, OR 97213",3,3,"{""type"":""Point"",""crs"":{""type"":""name"",""properties"":{""name"":""urn:ogc:def:crs:EPSG::4269""}},""coordinates"":[-122.604737,45.533714]}","{""type"":""Point"",""crs"":{""type"":""name"",""properties"":{""name"":""urn:ogc:def:crs:EPSG::4269""}},""coordinates"":[-122.604542,45.548242]}"
Pavement Moratorium.csv,1,Se 29Th Ave,Clay St,,33,"1598 SE 29th Ave, Portland, OR 97214","",3,-1,"{""type"":""Point"",""crs"":{""type"":""name"",""properties"":{""name"":""urn:ogc:def:crs:EPSG::4269""}},""coordinates"":[-122.63612,45.511197]}",
Pavement Moratorium.csv,2,Sw Montgomery Dr,Clifton St,,34,"2098 SW Montgomery Dr, Portland, OR 97201","",3,-1,"{""type"":""Point"",""crs"":{""type"":""name"",""properties"":{""name"":""urn:ogc:def:crs:EPSG::4269""}},""coordinates"":[-122.699646,45.512497]}",
Pavement Moratorium.csv,3,Ne 52Nd Ave,Clackamas St,Halsey St,35,"1399 NE 52nd Ave, Portland, OR 97213","1501 NE 52nd Ave, Portland, OR 97213",3,3,"{""type"":""Point"",""crs"":{""type"":""name"",""properties"":{""name"":""urn:ogc:def:crs:EPSG::4269""}},""coordinates"":[-122.610113,45.532994]}","{""type"":""Point"",""crs"":{""type"":""name"",""properties"":{""name"":""urn:ogc:def:crs:EPSG::4269""}},""coordinates"":[-122.610018,45.533728]}"
Pavement Moratorium.csv,4,W Burnside St ,325' E Of Maywood Dr,503' E Of Maywood Rd,36,"","",-1,-1,,
Pavement Moratorium.csv,5,W Burnside St ,Macleay Blvd,Maywood Dr,37,"2798 W Burnside St, Portland, OR 97210","2700 W Burnside St, Portland, OR 97210",2,2,"{""type"":""Point"",""crs"":{""type"":""name"",""properties"":{""name"":""urn:ogc:def:crs:EPSG::4269""}},""coordinates"":[-122.709738,45.523427]}","{""type"":""Point"",""crs"":{""type"":""name"",""properties"":{""name"":""urn:ogc:def:crs:EPSG::4269""}},""coordinates"":[-122.70749,45.523923]}"
Pavement Moratorium.csv,6,Ne 15Th Ave ,Hancock St,,38,"1901 NE 15th Ave, Portland, OR 97212","",3,-1,"{""type"":""Point"",""crs"":{""type"":""name"",""properties"":{""name"":""urn:ogc:def:crs:EPSG::4269""}},""coordinates"":[-122.650475,45.536464]}",
Pavement Moratorium.csv,7,Ne 9Th Ave ,Halsey St,Broadway,39,"1501 NE 9th Ave, Portland, OR 97212","1701 NE 9th Ave, Portland, OR 97212",3,3,"{""type"":""Point"",""crs"":{""type"":""name"",""properties"":{""name"":""urn:ogc:def:crs:EPSG::4269""}},""coordinates"":[-122.656588,45.533626]}","{""type"":""Point"",""crs"":{""type"":""name"",""properties"":{""name"":""urn:ogc:def:crs:EPSG::4269""}},""coordinates"":[-122.656572,45.535058]}"
Pavement Moratorium.csv,8,Nw Glisan St - ,13Th Ave,11Th Ave,40,"1300 NW Glisan St, Portland, OR 97209","1098 NW Glisan St, Portland, OR 97209",3,3,"{""type"":""Point"",""crs"":{""type"":""name"",""properties"":{""name"":""urn:ogc:def:crs:EPSG::4269""}},""coordinates"":[-122.684278,45.526486]}","{""type"":""Point"",""crs"":{""type"":""name"",""properties"":{""name"":""urn:ogc:def:crs:EPSG::4269""}},""coordinates"":[-122.682249,45.526523]}"
Pavement Moratorium.csv,9,Nw Thurman St,Gordon St,31St Ave,41,"3599 NW Thurman St, Portland, OR 97210","3100 NW Thurman St, Portland, OR 97210",3,3,"{""type"":""Point"",""crs"":{""type"":""name"",""properties"":{""name"":""urn:ogc:def:crs:EPSG::4269""}},""coordinates"":[-122.719659,45.5385]}","{""type"":""Point"",""crs"":{""type"":""name"",""properties"":{""name"":""urn:ogc:def:crs:EPSG::4269""}},""coordinates"":[-122.713654,45.535736]}"
Pavement Moratorium.csv,10,Nw 16Th Ave,Lovejoy,Thurman St,42,"1001 NW 16th Ave, Portland, OR 97209","1899 NW 16th Ave, Portland, OR 97209",3,3,"{""type"":""Point"",""crs"":{""type"":""name"",""properties"":{""name"":""urn:ogc:def:crs:EPSG::4269""}},""coordinates"":[-122.687473,45.529992]}","{""type"":""Point"",""crs"":{""type"":""name"",""properties"":{""name"":""urn:ogc:def:crs:EPSG::4269""}},""coordinates"":[-122.687666,45.535699]}"
Pavement Moratorium.csv,11,Sw Pine St,4Th Ave,Naito Pkwy,43,"400 SW Pine St, Portland, OR 97204","2 SW Pine St, Portland, OR 97204",3,3,"{""type"":""Point"",""crs"":{""type"":""name"",""properties"":{""name"":""urn:ogc:def:crs:EPSG::4269""}},""coordinates"":[-122.674753,45.521862]}","{""type"":""Point"",""crs"":{""type"":""name"",""properties"":{""name"":""urn:ogc:def:crs:EPSG::4269""}},""coordinates"":[-122.670837,45.520818]}"
Pavement Moratorium.csv,12,Ne Laurelhurst Pl,42Nd Ave,43Rd Ave,44,"4199 NE Laurelhurst Pl, Portland, OR 97232","4299 NE Laurelhurst Pl, Portland, OR 97213",3,3,"{""type"":""Point"",""crs"":{""type"":""name"",""properties"":{""name"":""urn:ogc:def:crs:EPSG::4269""}},""coordinates"":[-122.620404,45.529454]}","{""type"":""Point"",""crs"":{""type"":""name"",""properties"":{""name"":""urn:ogc:def:crs:EPSG::4269""}},""coordinates"":[-122.618311,45.529797]}"
Pavement Moratorium.csv,13,Nw Pettygrove St,Nw 24Th Ave,Nw 25Th Ave,45,"2400 NW Pettygrove St, Portland, OR 97210","2500 NW Pettygrove St, Portland, OR 97210",3,3,"{""type"":""Point"",""crs"":{""type"":""name"",""properties"":{""name"":""urn:ogc:def:crs:EPSG::4269""}},""coordinates"":[-122.700744,45.532603]}","{""type"":""Point"",""crs"":{""type"":""name"",""properties"":{""name"":""urn:ogc:def:crs:EPSG::4269""}},""coordinates"":[-122.702733,45.532566]}"
Pavement Moratorium.csv,14,Ne Multnomah St,1St Ave,Mlk Jr Blvd,46,"","",-1,-1,,
Pavement Moratorium.csv,15,N Multnomah St,Interstate Ave,1St Ave,47,"99 N Multnomah St, Portland, OR 97227","",2,-1,"{""type"":""Point"",""crs"":{""type"":""name"",""properties"":{""name"":""urn:ogc:def:crs:EPSG::4269""}},""coordinates"":[-122.667209,45.529964]}",
Pavement Moratorium.csv,16,Se Belmont St,12Th Ave,Se 25Th Av,48,"1199 SE Belmont St, Portland, OR 97214","2499 SE Belmont St, Portland, OR 97214",3,3,"{""type"":""Point"",""crs"":{""type"":""name"",""properties"":{""name"":""urn:ogc:def:crs:EPSG::4269""}},""coordinates"":[-122.653653,45.516493]}","{""type"":""Point"",""crs"":{""type"":""name"",""properties"":{""name"":""urn:ogc:def:crs:EPSG::4269""}},""coordinates"":[-122.640143,45.516444]}"
Pavement Moratorium.csv,17,Se Belmont St,49Th Ave,55Th Ave,49,"4899 SE Belmont St, Portland, OR 97215","5501 SE Belmont St, Portland, OR 97215",3,3,"{""type"":""Point"",""crs"":{""type"":""name"",""properties"":{""name"":""urn:ogc:def:crs:EPSG::4269""}},""coordinates"":[-122.612566,45.516558]}","{""type"":""Point"",""crs"":{""type"":""name"",""properties"":{""name"":""urn:ogc:def:crs:EPSG::4269""}},""coordinates"":[-122.60682,45.516641]}"
Pavement Moratorium.csv,18,Se Water Ave,Alder St,Stark St,50,"750 SE Water Ave, Portland, OR 97214","500 SE Water Ave, Portland, OR 97214",3,3,"{""type"":""Point"",""crs"":{""type"":""name"",""properties"":{""name"":""urn:ogc:def:crs:EPSG::4269""}},""coordinates"":[-122.665871,45.517932]}","{""type"":""Point"",""crs"":{""type"":""name"",""properties"":{""name"":""urn:ogc:def:crs:EPSG::4269""}},""coordinates"":[-122.66544,45.519332]}"
Pavement Moratorium.csv,19,Se Yamhill St,69Th Ave,76Th Ave,51,"6899 SE Yamhill St, Portland, OR 97215","7599 SE Yamhill St, Portland, OR 97215",3,3,"{""type"":""Point"",""crs"":{""type"":""name"",""properties"":{""name"":""urn:ogc:def:crs:EPSG::4269""}},""coordinates"":[-122.592208,45.516167]}","{""type"":""Point"",""crs"":{""type"":""name"",""properties"":{""name"":""urn:ogc:def:crs:EPSG::4269""}},""coordinates"":[-122.585249,45.516367]}"
Pavement Moratorium.csv,20,Sw 14Th Ave,Jefferson St,196' N Of Morrison St (Struct),52,"1300 SW 14th Ave, Portland, OR 97201","",3,-1,"{""type"":""Point"",""crs"":{""type"":""name"",""properties"":{""name"":""urn:ogc:def:crs:EPSG::4269""}},""coordinates"":[-122.688399,45.517095]}",
Pavement Moratorium.csv,21,Sw 1St Ave,Yamhill St,Morrison St,53,"800 SW 1st Ave, Portland, OR 97204","701 SW 1st Ave, Portland, OR 97204",3,3,"{""type"":""Point"",""crs"":{""type"":""name"",""properties"":{""name"":""urn:ogc:def:crs:EPSG::4269""}},""coordinates"":[-122.673964,45.51707]}","{""type"":""Point"",""crs"":{""type"":""name"",""properties"":{""name"":""urn:ogc:def:crs:EPSG::4269""}},""coordinates"":[-122.673603,45.517737]}"
Pavement Moratorium.csv,22,Sw Alder St,14Th Ave,Burnside St,54,"1400 SW Alder St, Portland, OR 97205","1898 SW Alder St, Portland, OR 97205",3,3,"{""type"":""Point"",""crs"":{""type"":""name"",""properties"":{""name"":""urn:ogc:def:crs:EPSG::4269""}},""coordinates"":[-122.685834,45.521758]}","{""type"":""Point"",""crs"":{""type"":""name"",""properties"":{""name"":""urn:ogc:def:crs:EPSG::4269""}},""coordinates"":[-122.690222,45.52301]}"
Pavement Moratorium.csv,23,E Burnside St,44Th Ave,47Th Ave,55,"4399 E Burnside St, Portland, OR 97215","4699 E Burnside St, Portland, OR 97215",2,2,"{""type"":""Point"",""crs"":{""type"":""name"",""properties"":{""name"":""urn:ogc:def:crs:EPSG::4269""}},""coordinates"":[-122.617305,45.52307]}","{""type"":""Point"",""crs"":{""type"":""name"",""properties"":{""name"":""urn:ogc:def:crs:EPSG::4269""}},""coordinates"":[-122.615003,45.522974]}"
Pavement Moratorium.csv,24,N Wheeler Ave,Winning Way,Weidler St,56,"1401 N Wheeler Ave, Portland, OR 97227","1601 N Wheeler Ave, Portland, OR 97227",2,2,"{""type"":""Point"",""crs"":{""type"":""name"",""properties"":{""name"":""urn:ogc:def:crs:EPSG::4269""}},""coordinates"":[-122.666743,45.533036]}","{""type"":""Point"",""crs"":{""type"":""name"",""properties"":{""name"":""urn:ogc:def:crs:EPSG::4269""}},""coordinates"":[-122.668263,45.534357]}"
Pavement Moratorium.csv,25,Ne 16Th Dr,13Th Ave,Multnomah St,57,"","1201 NE 16th Ave, Portland, OR 97232",-1,6,,"{""type"":""Point"",""crs"":{""type"":""name"",""properties"":{""name"":""urn:ogc:def:crs:EPSG::4269""}},""coordinates"":[-122.649463,45.53147]}"
Pavement Moratorium.csv,26,Ne 41St Ave,Wistaria Dr,Fremont St,58,"3000 NE 41st Ave, Portland, OR 97212","3499 NE 41st Ave, Portland, OR 97212",3,3,"{""type"":""Point"",""crs"":{""type"":""name"",""properties"":{""name"":""urn:ogc:def:crs:EPSG::4269""}},""coordinates"":[-122.622094,45.544489]}","{""type"":""Point"",""crs"":{""type"":""name"",""properties"":{""name"":""urn:ogc:def:crs:EPSG::4269""}},""coordinates"":[-122.620789,45.5483]}"
Pavement Moratorium.csv,27,Ne 47Th Ave,Halsey St,Sandy Blvd,59,"1501 NE 47th Ave, Portland, OR 97213","2201 NE 47th Ave, Portland, OR 97213",3,3,"{""type"":""Point"",""crs"":{""type"":""name"",""properties"":{""name"":""urn:ogc:def:crs:EPSG::4269""}},""coordinates"":[-122.614987,45.533762]}","{""type"":""Point"",""crs"":{""type"":""name"",""properties"":{""name"":""urn:ogc:def:crs:EPSG::4269""}},""coordinates"":[-122.614972,45.538345]}"
Pavement Moratorium.csv,28,Ne Holladay St,9Th Ave,13Th Ave,60,"899 NE Holladay St, Portland, OR 97232","1499 NE Holladay St, Portland, OR 97232",3,3,"{""type"":""Point"",""crs"":{""type"":""name"",""properties"":{""name"":""urn:ogc:def:crs:EPSG::4269""}},""coordinates"":[-122.656574,45.53004]}","{""type"":""Point"",""crs"":{""type"":""name"",""properties"":{""name"":""urn:ogc:def:crs:EPSG::4269""}},""coordinates"":[-122.65256,45.530096]}"
Pavement Moratorium.csv,29,Ne Multnomah St,16Th Ave,21St Ave,61,"1601 NE Multnomah St, Portland, OR 97232","2099 NE Multnomah St, Portland, OR 97232",3,3,"{""type"":""Point"",""crs"":{""type"":""name"",""properties"":{""name"":""urn:ogc:def:crs:EPSG::4269""}},""coordinates"":[-122.649463,45.53147]}","{""type"":""Point"",""crs"":{""type"":""name"",""properties"":{""name"":""urn:ogc:def:crs:EPSG::4269""}},""coordinates"":[-122.644851,45.531456]}"
Pavement Moratorium.csv,30,E Burnside St,32Nd Ave,Cesar E Chavez Blvd,62,"3199 E Burnside St, Portland, OR 97214","",2,-1,"{""type"":""Point"",""crs"":{""type"":""name"",""properties"":{""name"":""urn:ogc:def:crs:EPSG::4269""}},""coordinates"":[-122.631688,45.522866]}",
Pavement Moratorium.csv,31,Ne Tillamook St,37Th Ave,43Rd Ave,63,"3701 NE Tillamook St, Portland, OR 97212","4299 NE Tillamook St, Portland, OR 97213",3,3,"{""type"":""Point"",""crs"":{""type"":""name"",""properties"":{""name"":""urn:ogc:def:crs:EPSG::4269""}},""coordinates"":[-122.624997,45.537777]}","{""type"":""Point"",""crs"":{""type"":""name"",""properties"":{""name"":""urn:ogc:def:crs:EPSG::4269""}},""coordinates"":[-122.61891,45.537775]}"
Pavement Moratorium.csv,32,Se Morrison St,12Th Ave,19Th Ave,64,"1200 SW Morrison St, Portland, OR 97205","1899 SE Morrison St, Portland, OR 97214",3,3,"{""type"":""Point"",""crs"":{""type"":""name"",""properties"":{""name"":""urn:ogc:def:crs:EPSG::4269""}},""coordinates"":[-122.684143,45.520556]}","{""type"":""Point"",""crs"":{""type"":""name"",""properties"":{""name"":""urn:ogc:def:crs:EPSG::4269""}},""coordinates"":[-122.646544,45.517179]}"
Pavement Moratorium.csv,33,Nw Everett St,23Rd Ave,19Th Ave,65,"2300 NW Everett St, Portland, OR 97210","NW Everett St, Portland, OR",3,3,"{""type"":""Point"",""crs"":{""type"":""name"",""properties"":{""name"":""urn:ogc:def:crs:EPSG::4269""}},""coordinates"":[-122.69842,45.524796]}","{""type"":""Point"",""crs"":{""type"":""name"",""properties"":{""name"":""urn:ogc:def:crs:EPSG::4269""}},""coordinates"":[-122.69031,45.524948]}"
Pavement Moratorium.csv,34,Se Alder St,SE 3Rd Ave,SE Mlk Jr,66,"300 SW Alder St, Portland, OR 97204","",3,-1,"{""type"":""Point"",""crs"":{""type"":""name"",""properties"":{""name"":""urn:ogc:def:crs:EPSG::4269""}},""coordinates"":[-122.675176,45.51892]}",
Pavement Moratorium.csv,35,Ne Glisan St,Ne 67Th Ave,Ne 82Nd Ave,67,"6701 NE Glisan St, Portland, OR 97213","8199 NE Glisan St, Portland, OR 97213",3,3,"{""type"":""Point"",""crs"":{""type"":""name"",""properties"":{""name"":""urn:ogc:def:crs:EPSG::4269""}},""coordinates"":[-122.594475,45.526472]}","{""type"":""Point"",""crs"":{""type"":""name"",""properties"":{""name"":""urn:ogc:def:crs:EPSG::4269""}},""coordinates"":[-122.579038,45.526423]}"
Pavement Moratorium.csv,36,Ne 28Th Ave - ,Ne Couch St,Ne Flanders St,68,"100 NE 28th Ave, Portland, OR 97232","401 NE 28th Ave, Portland, OR 97232",3,3,"{""type"":""Point"",""crs"":{""type"":""name"",""properties"":{""name"":""urn:ogc:def:crs:EPSG::4269""}},""coordinates"":[-122.637248,45.523589]}","{""type"":""Point"",""crs"":{""type"":""name"",""properties"":{""name"":""urn:ogc:def:crs:EPSG::4269""}},""coordinates"":[-122.637214,45.525727]}"
Pavement Moratorium.csv,39,1313 W Burnside St,,,71,"","",-1,-1,,
Pavement Moratorium.csv,40,Ne Cesar E Chavez Blvd,Ne Wasco St,Ne Senate St,72,"","",-1,-1,,
Pavement Moratorium.csv,41,Ne Glisan St,Ne 24Th Ave,Ne 26Th Ave/Ne Buxton St,73,"2400 NW Glisan St, Portland, OR 97210","",3,-1,"{""type"":""Point"",""crs"":{""type"":""name"",""properties"":{""name"":""urn:ogc:def:crs:EPSG::4269""}},""coordinates"":[-122.700504,45.526187]}",
Pavement Moratorium.csv,42,N Larrabee Ave,N Interstate Ave,N Winning Way,74,"2401 N Larrabee Ave, Portland, OR 97227","1201 N Larrabee Ave, Portland, OR 97227",2,2,"{""type"":""Point"",""crs"":{""type"":""name"",""properties"":{""name"":""urn:ogc:def:crs:EPSG::4269""}},""coordinates"":[-122.677118,45.540395]}","{""type"":""Point"",""crs"":{""type"":""name"",""properties"":{""name"":""urn:ogc:def:crs:EPSG::4269""}},""coordinates"":[-122.670636,45.532975]}"
Pavement Moratorium.csv,43,Ne Wheeler Ave,N Interstate Ave,Ne Holladay St,75,"","",-1,-1,,
Pavement Moratorium.csv,44,Ne 16Th Ave,E Burnside St,Ne Sandy Blvd,76,"500 SW 16th Ave, Portland, OR 97205","199 NE 16th Ave, Portland, OR 97232",3,3,"{""type"":""Point"",""crs"":{""type"":""name"",""properties"":{""name"":""urn:ogc:def:crs:EPSG::4269""}},""coordinates"":[-122.687506,45.522888]}","{""type"":""Point"",""crs"":{""type"":""name"",""properties"":{""name"":""urn:ogc:def:crs:EPSG::4269""}},""coordinates"":[-122.649515,45.52443]}"
Pavement Moratorium.csv,45,3035-3055 Nw Rio Vista Ter,,,77,"","",-1,-1,,
Pavement Moratorium.csv,87,Ne 12Th Ave,Glisan St,593' N Of Glisan St,119,"501 NW 12th Ave, Portland, OR 97209","",3,-1,"{""type"":""Point"",""crs"":{""type"":""name"",""properties"":{""name"":""urn:ogc:def:crs:EPSG::4269""}},""coordinates"":[-122.683263,45.526504]}",
Pavement Moratorium.csv,46,Ne Stanton St,Ne 27Th Ave,Ne 28Th Ave,78,"2699 NE Stanton St, Portland, OR 97212","2799 NE Stanton St, Portland, OR 97212",3,3,"{""type"":""Point"",""crs"":{""type"":""name"",""properties"":{""name"":""urn:ogc:def:crs:EPSG::4269""}},""coordinates"":[-122.638072,45.54362]}","{""type"":""Point"",""crs"":{""type"":""name"",""properties"":{""name"":""urn:ogc:def:crs:EPSG::4269""}},""coordinates"":[-122.637057,45.543618]}"
Pavement Moratorium.csv,47,Nw 21St Ave,Nw Sherlock Ave,Nw Front Ave,79,"2499 NW 21st Ave, Portland, OR 97209","2599 NW 21st Ave, Portland, OR 97209",3,3,"{""type"":""Point"",""crs"":{""type"":""name"",""properties"":{""name"":""urn:ogc:def:crs:EPSG::4269""}},""coordinates"":[-122.694707,45.540732]}","{""type"":""Point"",""crs"":{""type"":""name"",""properties"":{""name"":""urn:ogc:def:crs:EPSG::4269""}},""coordinates"":[-122.69404,45.541275]}"
Pavement Moratorium.csv,48,Nw Pettygrove St,25Th Ave,24Th Ave,80,"2500 NW Pettygrove St, Portland, OR 97210","2400 NW Pettygrove St, Portland, OR 97210",3,3,"{""type"":""Point"",""crs"":{""type"":""name"",""properties"":{""name"":""urn:ogc:def:crs:EPSG::4269""}},""coordinates"":[-122.702733,45.532566]}","{""type"":""Point"",""crs"":{""type"":""name"",""properties"":{""name"":""urn:ogc:def:crs:EPSG::4269""}},""coordinates"":[-122.700744,45.532603]}"
Pavement Moratorium.csv,49,Sw Columbia St,3Rd Ave,2Nd Ave,81,"300 SW Columbia St, Portland, OR 97201","200 SW Columbia St, Portland, OR 97201",3,3,"{""type"":""Point"",""crs"":{""type"":""name"",""properties"":{""name"":""urn:ogc:def:crs:EPSG::4269""}},""coordinates"":[-122.678063,45.513589]}","{""type"":""Point"",""crs"":{""type"":""name"",""properties"":{""name"":""urn:ogc:def:crs:EPSG::4269""}},""coordinates"":[-122.677079,45.513326]}"
Pavement Moratorium.csv,50,Ne 41St Ave,Ne Couch St,Ne Davis St,82,"101 NE 41st Ave, Portland, OR 97232","201 NE 41st Ave, Portland, OR 97232",3,3,"{""type"":""Point"",""crs"":{""type"":""name"",""properties"":{""name"":""urn:ogc:def:crs:EPSG::4269""}},""coordinates"":[-122.620481,45.524259]}","{""type"":""Point"",""crs"":{""type"":""name"",""properties"":{""name"":""urn:ogc:def:crs:EPSG::4269""}},""coordinates"":[-122.620664,45.524978]}"
Pavement Moratorium.csv,51,Ne 7Th Ave,Ne Multnomah St,Ne Weidler St,83,"1201 NE 7th Ave, Portland, OR 97232","1601 NE 7th Ave, Portland, OR 97212",3,3,"{""type"":""Point"",""crs"":{""type"":""name"",""properties"":{""name"":""urn:ogc:def:crs:EPSG::4269""}},""coordinates"":[-122.658624,45.531499]}","{""type"":""Point"",""crs"":{""type"":""name"",""properties"":{""name"":""urn:ogc:def:crs:EPSG::4269""}},""coordinates"":[-122.658586,45.534351]}"
Pavement Moratorium.csv,52,Ne 28Th Ave,Glisan St,Broadway,84,"501 NE 28th Ave, Portland, OR 97232","1699 NE 28th Ave, Portland, OR 97232",3,3,"{""type"":""Point"",""crs"":{""type"":""name"",""properties"":{""name"":""urn:ogc:def:crs:EPSG::4269""}},""coordinates"":[-122.637199,45.526466]}","{""type"":""Point"",""crs"":{""type"":""name"",""properties"":{""name"":""urn:ogc:def:crs:EPSG::4269""}},""coordinates"":[-122.636702,45.53516]}"
Pavement Moratorium.csv,53,Ne Halsey St,60Th Ave,70Th Ave,85,"5949 NE Halsey St, Portland, OR 97213","6998 NE Halsey St, Portland, OR 97213",3,3,"{""type"":""Point"",""crs"":{""type"":""name"",""properties"":{""name"":""urn:ogc:def:crs:EPSG::4269""}},""coordinates"":[-122.602161,45.533709]}","{""type"":""Point"",""crs"":{""type"":""name"",""properties"":{""name"":""urn:ogc:def:crs:EPSG::4269""}},""coordinates"":[-122.590848,45.533598]}"
Pavement Moratorium.csv,54,Nw Northrup St,23Rd Ave,14Th Ave,86,"2300 NW Northrup St, Portland, OR 97210","1398 NW Northrup St, Portland, OR 97209",3,3,"{""type"":""Point"",""crs"":{""type"":""name"",""properties"":{""name"":""urn:ogc:def:crs:EPSG::4269""}},""coordinates"":[-122.698662,45.531215]}","{""type"":""Point"",""crs"":{""type"":""name"",""properties"":{""name"":""urn:ogc:def:crs:EPSG::4269""}},""coordinates"":[-122.685477,45.531457]}"
Pavement Moratorium.csv,55,Nw Broadway,Burnside St,Hoyt St,87,"1 NW Broadway, Portland, OR 97209","601 NW Broadway, Portland, OR 97209",3,3,"{""type"":""Point"",""crs"":{""type"":""name"",""properties"":{""name"":""urn:ogc:def:crs:EPSG::4269""}},""coordinates"":[-122.677411,45.523042]}","{""type"":""Point"",""crs"":{""type"":""name"",""properties"":{""name"":""urn:ogc:def:crs:EPSG::4269""}},""coordinates"":[-122.677595,45.527321]}"
Pavement Moratorium.csv,56,Se 7Th Ave,Se Belmont St,Se Stark St,88,"898 SE 7th Ave, Portland, OR 97214","498 SE 7th Ave, Portland, OR 97214",3,3,"{""type"":""Point"",""crs"":{""type"":""name"",""properties"":{""name"":""urn:ogc:def:crs:EPSG::4269""}},""coordinates"":[-122.658674,45.516499]}","{""type"":""Point"",""crs"":{""type"":""name"",""properties"":{""name"":""urn:ogc:def:crs:EPSG::4269""}},""coordinates"":[-122.658682,45.51936]}"
Pavement Moratorium.csv,57,Se Ankeny St,Se Martin Luther King Jr Blvd,Se Sandy Blvd / Se 11Th Ave,89,"","",-1,-1,,
Pavement Moratorium.csv,58,Sw Columbia St,225' W Of 18Th Ave,Sw Broadway,90,"","700 SW Columbia St, Portland, OR 97201",-1,3,,"{""type"":""Point"",""crs"":{""type"":""name"",""properties"":{""name"":""urn:ogc:def:crs:EPSG::4269""}},""coordinates"":[-122.682148,45.514677]}"
Pavement Moratorium.csv,59,Sw Columbia St,Sw Broadway,Sw Naito Pkwy,91,"700 SW Columbia St, Portland, OR 97201","2 SW Columbia St, Portland, OR 97201",3,3,"{""type"":""Point"",""crs"":{""type"":""name"",""properties"":{""name"":""urn:ogc:def:crs:EPSG::4269""}},""coordinates"":[-122.682148,45.514677]}","{""type"":""Point"",""crs"":{""type"":""name"",""properties"":{""name"":""urn:ogc:def:crs:EPSG::4269""}},""coordinates"":[-122.675099,45.512797]}"
Pavement Moratorium.csv,60,Sw Jefferson St,Sw Park Ave,Sw Naito Pkwy,92,"900 SW Jefferson St, Portland, OR 97201","2 SW Jefferson St, Portland, OR 97201",3,3,"{""type"":""Point"",""crs"":{""type"":""name"",""properties"":{""name"":""urn:ogc:def:crs:EPSG::4269""}},""coordinates"":[-122.683269,45.515741]}","{""type"":""Point"",""crs"":{""type"":""name"",""properties"":{""name"":""urn:ogc:def:crs:EPSG::4269""}},""coordinates"":[-122.674718,45.513424]}"
Pavement Moratorium.csv,61,W Burnside St/Sw 4Th Ave,Sw 5Th Ave,Sw 3Rd Ave,93,"","",-1,-1,,
Pavement Moratorium.csv,62,W Burnside St,19Th Ave,King Ave,94,"1900 W Burnside St, Portland, OR 97209","2150 W Burnside St, Portland, OR 97210",2,2,"{""type"":""Point"",""crs"":{""type"":""name"",""properties"":{""name"":""urn:ogc:def:crs:EPSG::4269""}},""coordinates"":[-122.690222,45.52301]}","{""type"":""Point"",""crs"":{""type"":""name"",""properties"":{""name"":""urn:ogc:def:crs:EPSG::4269""}},""coordinates"":[-122.695394,45.523272]}"
Pavement Moratorium.csv,63,Ne 16Th Ave,Ne Glisan St,Ne Irving St,95,"501 NW 16th Ave, Portland, OR 97209","701 NW 16th Ave, Portland, OR 97209",3,3,"{""type"":""Point"",""crs"":{""type"":""name"",""properties"":{""name"":""urn:ogc:def:crs:EPSG::4269""}},""coordinates"":[-122.687293,45.526426]}","{""type"":""Point"",""crs"":{""type"":""name"",""properties"":{""name"":""urn:ogc:def:crs:EPSG::4269""}},""coordinates"":[-122.687371,45.527857]}"
Pavement Moratorium.csv,64,Nw 29Th Ave,Nw Nela St,,96,"NW 29th Ave, Portland, OR","",3,-1,"{""type"":""Point"",""crs"":{""type"":""name"",""properties"":{""name"":""urn:ogc:def:crs:EPSG::4269""}},""coordinates"":[-122.710964,45.543586]}",
Pavement Moratorium.csv,65,Ne 15Th Ave,Ne Knott St,Ne Stanton St,97,"2701 NE 15th Ave, Portland, OR 97212","2901 NE 15th Ave, Portland, OR 97212",3,3,"{""type"":""Point"",""crs"":{""type"":""name"",""properties"":{""name"":""urn:ogc:def:crs:EPSG::4269""}},""coordinates"":[-122.650438,45.542085]}","{""type"":""Point"",""crs"":{""type"":""name"",""properties"":{""name"":""urn:ogc:def:crs:EPSG::4269""}},""coordinates"":[-122.650428,45.543648]}"
Pavement Moratorium.csv,88,Ne Lloyd Blvd,Oregon,231 Ft East Of 1St Ave,120,"","",-1,-1,,
Pavement Moratorium.csv,66,Sw 1St Ave,Sw Jefferson St,Sw Columbia St,98,"1298 SW 1st Ave, Portland, OR 97204","1398 SW 1st Ave, Portland, OR 97201",3,3,"{""type"":""Point"",""crs"":{""type"":""name"",""properties"":{""name"":""urn:ogc:def:crs:EPSG::4269""}},""coordinates"":[-122.675791,45.513729]}","{""type"":""Point"",""crs"":{""type"":""name"",""properties"":{""name"":""urn:ogc:def:crs:EPSG::4269""}},""coordinates"":[-122.67613,45.51307]}"
Pavement Moratorium.csv,67,1515 Sw Clifton St,,,99,"","",-1,-1,,
Pavement Moratorium.csv,68,Se Taylor St,Se 50Th Ave,,100,"4999 SE Taylor St, Portland, OR 97215","",3,-1,"{""type"":""Point"",""crs"":{""type"":""name"",""properties"":{""name"":""urn:ogc:def:crs:EPSG::4269""}},""coordinates"":[-122.61124,45.515413]}",
Pavement Moratorium.csv,69,Ne Broadway,22Nd Ave,24Th Ave,101,"2199 NE Broadway St, Portland, OR 97232","2399 NE Broadway St, Portland, OR 97232",6,6,"{""type"":""Point"",""crs"":{""type"":""name"",""properties"":{""name"":""urn:ogc:def:crs:EPSG::4269""}},""coordinates"":[-122.642988,45.535015]}","{""type"":""Point"",""crs"":{""type"":""name"",""properties"":{""name"":""urn:ogc:def:crs:EPSG::4269""}},""coordinates"":[-122.64116,45.535089]}"
Pavement Moratorium.csv,70,Ne Broadway,37th Ave,Cesar E Chavez Blvd,102,"3699 NE Broadway St, Portland, OR 97232","",6,-1,"{""type"":""Point"",""crs"":{""type"":""name"",""properties"":{""name"":""urn:ogc:def:crs:EPSG::4269""}},""coordinates"":[-122.624999,45.535152]}",
Pavement Moratorium.csv,71,Se 60Th Ave,Harrison St,180' N of Hawthorne Blvd,103,"1998 SE 60th Ave, Portland, OR 97215","",3,-1,"{""type"":""Point"",""crs"":{""type"":""name"",""properties"":{""name"":""urn:ogc:def:crs:EPSG::4269""}},""coordinates"":[-122.60177,45.508593]}",
Pavement Moratorium.csv,72,Sw Stark St,Broadway,SW 10th Ave,104,"700 SW Stark St, Portland, OR 97205","1000 SW Stark St, Portland, OR 97205",3,3,"{""type"":""Point"",""crs"":{""type"":""name"",""properties"":{""name"":""urn:ogc:def:crs:EPSG::4269""}},""coordinates"":[-122.678538,45.521346]}","{""type"":""Point"",""crs"":{""type"":""name"",""properties"":{""name"":""urn:ogc:def:crs:EPSG::4269""}},""coordinates"":[-122.681066,45.522021]}"
Pavement Moratorium.csv,73,Se Ladd Av,Se Division St,Se Hawthorne St,105,"2498 SE Ladd Ave, Portland, OR 97214","1500 SE Ladd Ave, Portland, OR 97214",3,3,"{""type"":""Point"",""crs"":{""type"":""name"",""properties"":{""name"":""urn:ogc:def:crs:EPSG::4269""}},""coordinates"":[-122.645084,45.504823]}","{""type"":""Point"",""crs"":{""type"":""name"",""properties"":{""name"":""urn:ogc:def:crs:EPSG::4269""}},""coordinates"":[-122.653675,45.51221]}"
Pavement Moratorium.csv,74,Se Belmont St,Se Grand Av,Se 12Th Av,106,"499 SE Belmont St, Portland, OR 97214","1199 SE Belmont St, Portland, OR 97214",3,3,"{""type"":""Point"",""crs"":{""type"":""name"",""properties"":{""name"":""urn:ogc:def:crs:EPSG::4269""}},""coordinates"":[-122.660753,45.516523]}","{""type"":""Point"",""crs"":{""type"":""name"",""properties"":{""name"":""urn:ogc:def:crs:EPSG::4269""}},""coordinates"":[-122.653653,45.516493]}"
Pavement Moratorium.csv,75,Nw 11Th Ave,Nw Hoyt St,Nw Glisan St,107,"599 NW 11th Ave, Portland, OR 97209","501 NW 11th Ave, Portland, OR 97209",3,3,"{""type"":""Point"",""crs"":{""type"":""name"",""properties"":{""name"":""urn:ogc:def:crs:EPSG::4269""}},""coordinates"":[-122.682276,45.527236]}","{""type"":""Point"",""crs"":{""type"":""name"",""properties"":{""name"":""urn:ogc:def:crs:EPSG::4269""}},""coordinates"":[-122.682249,45.526523]}"
Pavement Moratorium.csv,76,Ne Weidler St,Martin Luther King Jr Blvd,Grand Ave,108,"","499 NE Weidler St, Portland, OR 97232",-1,3,,"{""type"":""Point"",""crs"":{""type"":""name"",""properties"":{""name"":""urn:ogc:def:crs:EPSG::4269""}},""coordinates"":[-122.660635,45.534358]}"
Pavement Moratorium.csv,77,Se Morrison St,Grand Ave,12Th Ave,109,"501 SE Morrison St, Portland, OR 97214","1200 SW Morrison St, Portland, OR 97205",3,3,"{""type"":""Point"",""crs"":{""type"":""name"",""properties"":{""name"":""urn:ogc:def:crs:EPSG::4269""}},""coordinates"":[-122.660757,45.517222]}","{""type"":""Point"",""crs"":{""type"":""name"",""properties"":{""name"":""urn:ogc:def:crs:EPSG::4269""}},""coordinates"":[-122.684143,45.520556]}"
Pavement Moratorium.csv,78,Se 11Th Ave,Division St,Hawthorne Blvd,110,"2498 SE 11th Ave, Portland, OR 97214","1498 SE 11th Ave, Portland, OR 97214",3,3,"{""type"":""Point"",""crs"":{""type"":""name"",""properties"":{""name"":""urn:ogc:def:crs:EPSG::4269""}},""coordinates"":[-122.654743,45.504858]}","{""type"":""Point"",""crs"":{""type"":""name"",""properties"":{""name"":""urn:ogc:def:crs:EPSG::4269""}},""coordinates"":[-122.654692,45.512215]}"
Pavement Moratorium.csv,79,Ne 24Th Ave,Weidler St (W Side),Brazee St,111,"1601 NE 24th Ave, Portland, OR 97232","2501 NE 24th Ave, Portland, OR 97212",3,3,"{""type"":""Point"",""crs"":{""type"":""name"",""properties"":{""name"":""urn:ogc:def:crs:EPSG::4269""}},""coordinates"":[-122.641163,45.53438]}","{""type"":""Point"",""crs"":{""type"":""name"",""properties"":{""name"":""urn:ogc:def:crs:EPSG::4269""}},""coordinates"":[-122.64114,45.540492]}"
Pavement Moratorium.csv,80,Ne Grand Ave,111' S of Lloyd Blvd,Holladay St,112,"","998 NE Grand Ave, Portland, OR 97232",-1,3,,"{""type"":""Point"",""crs"":{""type"":""name"",""properties"":{""name"":""urn:ogc:def:crs:EPSG::4269""}},""coordinates"":[-122.660662,45.530054]}"
Pavement Moratorium.csv,81,Ne 20Th Ave,Glisan St,21St Ave,113,"499 NW 20th Ave, Portland, OR 97209","999 NE 20th Ave, Portland, OR 97232",3,3,"{""type"":""Point"",""crs"":{""type"":""name"",""properties"":{""name"":""urn:ogc:def:crs:EPSG::4269""}},""coordinates"":[-122.692391,45.526337]}","{""type"":""Point"",""crs"":{""type"":""name"",""properties"":{""name"":""urn:ogc:def:crs:EPSG::4269""}},""coordinates"":[-122.644849,45.529805]}"
Pavement Moratorium.csv,82,Ne Irving St,12Th Ave,22Nd Ave,114,"1199 NE Irving St, Portland, OR 97232","2200 NW Irving St, Portland, OR 97210",3,3,"{""type"":""Point"",""crs"":{""type"":""name"",""properties"":{""name"":""urn:ogc:def:crs:EPSG::4269""}},""coordinates"":[-122.653557,45.527943]}","{""type"":""Point"",""crs"":{""type"":""name"",""properties"":{""name"":""urn:ogc:def:crs:EPSG::4269""}},""coordinates"":[-122.696501,45.527688]}"
Pavement Moratorium.csv,83,Ne Weidler St,10Th Ave,15Th Ave,115,"999 NE Weidler St, Portland, OR 97232","1499 NE Weidler St, Portland, OR 97232",3,3,"{""type"":""Point"",""crs"":{""type"":""name"",""properties"":{""name"":""urn:ogc:def:crs:EPSG::4269""}},""coordinates"":[-122.655561,45.534348]}","{""type"":""Point"",""crs"":{""type"":""name"",""properties"":{""name"":""urn:ogc:def:crs:EPSG::4269""}},""coordinates"":[-122.650479,45.534318]}"
Pavement Moratorium.csv,84,Nw Naito Pky,Davis St,9Th Ave,116,"101 NW Naito Pkwy, Portland, OR 97210","1501 NW Naito Pkwy, Portland, OR 97209",3,3,"{""type"":""Point"",""crs"":{""type"":""name"",""properties"":{""name"":""urn:ogc:def:crs:EPSG::4269""}},""coordinates"":[-122.670273,45.524603]}","{""type"":""Point"",""crs"":{""type"":""name"",""properties"":{""name"":""urn:ogc:def:crs:EPSG::4269""}},""coordinates"":[-122.679752,45.53284]}"
Pavement Moratorium.csv,85,Ne Sandy Blvd,27Th Ave,29Th Ave,117,"2703 NE Sandy Blvd, Portland, OR 97232","2899 NE Sandy Blvd, Portland, OR 97232",3,3,"{""type"":""Point"",""crs"":{""type"":""name"",""properties"":{""name"":""urn:ogc:def:crs:EPSG::4269""}},""coordinates"":[-122.638488,45.528642]}","{""type"":""Point"",""crs"":{""type"":""name"",""properties"":{""name"":""urn:ogc:def:crs:EPSG::4269""}},""coordinates"":[-122.63584,45.529665]}"
Pavement Moratorium.csv,86,Ne 16Th Ave/15Th Ave,Multnomah St,Halsey St,118,"","",-1,-1,,
Pavement Moratorium.csv,89,Ne Siskiyou St,Ne 64th Ave,Ne Sandy Blvd,121,"6399 NE Siskiyou St, Portland, OR 97213","6449 NE Siskiyou St, Portland, OR 97213",3,3,"{""type"":""Point"",""crs"":{""type"":""name"",""properties"":{""name"":""urn:ogc:def:crs:EPSG::4269""}},""coordinates"":[-122.59737,45.545342]}","{""type"":""Point"",""crs"":{""type"":""name"",""properties"":{""name"":""urn:ogc:def:crs:EPSG::4269""}},""coordinates"":[-122.596611,45.545338]}"
Pavement Moratorium.csv,90,Sw 1st Ave,Sw Columbia St,Sw Jefferson St,122,"1398 SW 1st Ave, Portland, OR 97201","1298 SW 1st Ave, Portland, OR 97204",3,3,"{""type"":""Point"",""crs"":{""type"":""name"",""properties"":{""name"":""urn:ogc:def:crs:EPSG::4269""}},""coordinates"":[-122.67613,45.51307]}","{""type"":""Point"",""crs"":{""type"":""name"",""properties"":{""name"":""urn:ogc:def:crs:EPSG::4269""}},""coordinates"":[-122.675791,45.513729]}"
Pavement Moratorium.csv,91,W Burnside St,King Ave,21st Ave,123,"2150 W Burnside St, Portland, OR 97210","2098 W Burnside St, Portland, OR 97209",2,2,"{""type"":""Point"",""crs"":{""type"":""name"",""properties"":{""name"":""urn:ogc:def:crs:EPSG::4269""}},""coordinates"":[-122.695394,45.523272]}","{""type"":""Point"",""crs"":{""type"":""name"",""properties"":{""name"":""urn:ogc:def:crs:EPSG::4269""}},""coordinates"":[-122.69429,45.523215]}"
Pavement Moratorium.csv,92,NE Sandy Blvd,NE 47th Ave,NE 82nd Ave,124,"4699 NE Sandy Blvd, Portland, OR 97213","NE Sandy Blvd, Portland, OR",3,3,"{""type"":""Point"",""crs"":{""type"":""name"",""properties"":{""name"":""urn:ogc:def:crs:EPSG::4269""}},""coordinates"":[-122.614972,45.538345]}","{""type"":""Point"",""crs"":{""type"":""name"",""properties"":{""name"":""urn:ogc:def:crs:EPSG::4269""}},""coordinates"":[-122.57867,45.552428]}"
Pavement Moratorium.csv,93,Ne Hancock St,Ne 48th Ave,Ne 49th Ave,125,"4799 NE Hancock St, Portland, OR 97213","4899 NE Hancock St, Portland, OR 97213",3,3,"{""type"":""Point"",""crs"":{""type"":""name"",""properties"":{""name"":""urn:ogc:def:crs:EPSG::4269""}},""coordinates"":[-122.613966,45.53651]}","{""type"":""Point"",""crs"":{""type"":""name"",""properties"":{""name"":""urn:ogc:def:crs:EPSG::4269""}},""coordinates"":[-122.612952,45.53651]}"
Pavement Moratorium.csv,94,Ne Hazelfern Pl,Ne Cesar E Chavez Blvd,Ne 42nd Ave,126,"","4199 NE Hazelfern Pl, Portland, OR 97232",-1,3,,"{""type"":""Point"",""crs"":{""type"":""name"",""properties"":{""name"":""urn:ogc:def:crs:EPSG::4269""}},""coordinates"":[-122.620369,45.530206]}"
Pavement Moratorium.csv,95,E Burnside St,Se Martin Luther King Jr Blvd,Se Grand AVe,127,"399 E Burnside St, Portland, OR 97214","499 E Burnside St, Portland, OR 97214",2,2,"{""type"":""Point"",""crs"":{""type"":""name"",""properties"":{""name"":""urn:ogc:def:crs:EPSG::4269""}},""coordinates"":[-122.661768,45.522937]}","{""type"":""Point"",""crs"":{""type"":""name"",""properties"":{""name"":""urn:ogc:def:crs:EPSG::4269""}},""coordinates"":[-122.660707,45.522932]}"
Pavement Moratorium.csv,96,Ne 58th Ave,Ne Flanders St,Ne Glisan St,128,"401 NE 58th Ave, Portland, OR 97213","499 NE 58th Ave, Portland, OR 97213",3,3,"{""type"":""Point"",""crs"":{""type"":""name"",""properties"":{""name"":""urn:ogc:def:crs:EPSG::4269""}},""coordinates"":[-122.604286,45.525717]}","{""type"":""Point"",""crs"":{""type"":""name"",""properties"":{""name"":""urn:ogc:def:crs:EPSG::4269""}},""coordinates"":[-122.604159,45.526488]}"
Pavement Moratorium.csv,97,Nw 16Th Ave,Couch St,Glisan St,129,"101 NW 16th Ave, Portland, OR 97209","501 NW 16th Ave, Portland, OR 97209",3,3,"{""type"":""Point"",""crs"":{""type"":""name"",""properties"":{""name"":""urn:ogc:def:crs:EPSG::4269""}},""coordinates"":[-122.687228,45.523575]}","{""type"":""Point"",""crs"":{""type"":""name"",""properties"":{""name"":""urn:ogc:def:crs:EPSG::4269""}},""coordinates"":[-122.687293,45.526426]}"
Pavement Moratorium.csv,98,Sw Madison St,Sw 5th Ave,Sw 4th Ave,130,"500 SW Madison St, Portland, OR 97204","400 SW Madison St, Portland, OR 97204",3,3,"{""type"":""Point"",""crs"":{""type"":""name"",""properties"":{""name"":""urn:ogc:def:crs:EPSG::4269""}},""coordinates"":[-122.67939,45.515464]}","{""type"":""Point"",""crs"":{""type"":""name"",""properties"":{""name"":""urn:ogc:def:crs:EPSG::4269""}},""coordinates"":[-122.678375,45.515204]}"
Pavement Moratorium.csv,99,Ne Euclid Ave,Ne 47th Ave,Ne 49th Ave,131,"4899 NE Euclid Ave, Portland, OR 97213","1301 NE Euclid Ave, Portland, OR 97213",3,3,"{""type"":""Point"",""crs"":{""type"":""name"",""properties"":{""name"":""urn:ogc:def:crs:EPSG::4269""}},""coordinates"":[-122.614987,45.533762]}","{""type"":""Point"",""crs"":{""type"":""name"",""properties"":{""name"":""urn:ogc:def:crs:EPSG::4269""}},""coordinates"":[-122.612709,45.532053]}"
Pavement Moratorium.csv,100,SE Belmont St,SE Cesar E Chavez Blvd,SE Peacock Ln,132,"","3999 SE Belmont St, Portland, OR 97214",-1,3,,"{""type"":""Point"",""crs"":{""type"":""name"",""properties"":{""name"":""urn:ogc:def:crs:EPSG::4269""}},""coordinates"":[-122.621736,45.516576]}"
Pavement Moratorium.csv,101,NW Ariel Ter,Alpine Ter,Culpepper Ter,133,"2838 NW Ariel Ter, Portland, OR 97210","2812 NW Ariel Ter, Portland, OR 97210",3,3,"{""type"":""Point"",""crs"":{""type"":""name"",""properties"":{""name"":""urn:ogc:def:crs:EPSG::4269""}},""coordinates"":[-122.711023,45.527726]}","{""type"":""Point"",""crs"":{""type"":""name"",""properties"":{""name"":""urn:ogc:def:crs:EPSG::4269""}},""coordinates"":[-122.708135,45.527]}"
Pavement Moratorium.csv,102,NE 53rd Ave,Tillamook St,Thompson St,134,"2101 NE 53rd Ave, Portland, OR 97213","2301 NE 53rd Ave, Portland, OR 97213",3,3,"{""type"":""Point"",""crs"":{""type"":""name"",""properties"":{""name"":""urn:ogc:def:crs:EPSG::4269""}},""coordinates"":[-122.608889,45.53777]}","{""type"":""Point"",""crs"":{""type"":""name"",""properties"":{""name"":""urn:ogc:def:crs:EPSG::4269""}},""coordinates"":[-122.608887,45.539031]}"
Pavement Moratorium.csv,103,W Burnside St,11th,10th,135,"1100 W Burnside St, Portland, OR 97209","1000 W Burnside St, Portland, OR 97209",2,2,"{""type"":""Point"",""crs"":{""type"":""name"",""properties"":{""name"":""urn:ogc:def:crs:EPSG::4269""}},""coordinates"":[-122.682116,45.522938]}","{""type"":""Point"",""crs"":{""type"":""name"",""properties"":{""name"":""urn:ogc:def:crs:EPSG::4269""}},""coordinates"":[-122.681121,45.522976]}"
Pavement Moratorium.csv,104,N Stanton St,Kerby Ave,,136,"600 N Stanton St, Portland, OR 97227","",2,-1,"{""type"":""Point"",""crs"":{""type"":""name"",""properties"":{""name"":""urn:ogc:def:crs:EPSG::4269""}},""coordinates"":[-122.671966,45.543741]}",
Pavement Moratorium.csv,105,SW 15th Ave,Alder St,Burnside St,137,"598 SW 15th Ave, Portland, OR 97205","400 SW 15th Ave, Portland, OR 97205",3,3,"{""type"":""Point"",""crs"":{""type"":""name"",""properties"":{""name"":""urn:ogc:def:crs:EPSG::4269""}},""coordinates"":[-122.686802,45.522029]}","{""type"":""Point"",""crs"":{""type"":""name"",""properties"":{""name"":""urn:ogc:def:crs:EPSG::4269""}},""coordinates"":[-122.686562,45.522885]}"
Pavement Moratorium.csv,106,NE  EVERETT ST,57TH AVE,58TH AVE,138,"5699 NE Everett St, Portland, OR 97213","5799 NE Everett St, Portland, OR 97213",3,3,"{""type"":""Point"",""crs"":{""type"":""name"",""properties"":{""name"":""urn:ogc:def:crs:EPSG::4269""}},""coordinates"":[-122.605426,45.524955]}","{""type"":""Point"",""crs"":{""type"":""name"",""properties"":{""name"":""urn:ogc:def:crs:EPSG::4269""}},""coordinates"":[-122.604296,45.525031]}"
Pavement Moratorium.csv,107,NW  DAVIS ST,NW 6TH AVE,NW BROADWAY,139,"600 NW Davis St, Portland, OR 97209","700 NW Davis St, Portland, OR 97209",3,3,"{""type"":""Point"",""crs"":{""type"":""name"",""properties"":{""name"":""urn:ogc:def:crs:EPSG::4269""}},""coordinates"":[-122.676472,45.524489]}","{""type"":""Point"",""crs"":{""type"":""name"",""properties"":{""name"":""urn:ogc:def:crs:EPSG::4269""}},""coordinates"":[-122.677494,45.524469]}"
Pavement Moratorium.csv,108,Se Grand Ave,Se Clay St,Se Main st,140,"1598 SE Grand Ave, Portland, OR 97214","1298 SE Grand Ave, Portland, OR 97214",3,3,"{""type"":""Point"",""crs"":{""type"":""name"",""properties"":{""name"":""urn:ogc:def:crs:EPSG::4269""}},""coordinates"":[-122.660782,45.511522]}","{""type"":""Point"",""crs"":{""type"":""name"",""properties"":{""name"":""urn:ogc:def:crs:EPSG::4269""}},""coordinates"":[-122.660768,45.513662]}"
Pavement Moratorium.csv,109,SW 17TH AVE,SW SALMON ST,SW TAYLOR ST,141,"998 SW 17th Ave, Portland, OR 97205","900 SW 17th Ave, Portland, OR 97205",3,3,"{""type"":""Point"",""crs"":{""type"":""name"",""properties"":{""name"":""urn:ogc:def:crs:EPSG::4269""}},""coordinates"":[-122.690216,45.519893]}","{""type"":""Point"",""crs"":{""type"":""name"",""properties"":{""name"":""urn:ogc:def:crs:EPSG::4269""}},""coordinates"":[-122.689855,45.520559]}"
Planned Fog Seal.csv,1,Se Main St,30Th Ave,32Nd Ave,142,"2999 SE Main St, Portland, OR 97214","3199 SE Main St, Portland, OR 97214",3,3,"{""type"":""Point"",""crs"":{""type"":""name"",""properties"":{""name"":""urn:ogc:def:crs:EPSG::4269""}},""coordinates"":[-122.634776,45.513581]}","{""type"":""Point"",""crs"":{""type"":""name"",""properties"":{""name"":""urn:ogc:def:crs:EPSG::4269""}},""coordinates"":[-122.632659,45.513583]}"
Planned Fog Seal.csv,2,NW  24TH AVE,GLISAN ST,VAUGHN ST,143,"501 NW 24th Ave, Portland, OR 97210","2001 NW 24th Ave, Portland, OR 97210",3,3,"{""type"":""Point"",""crs"":{""type"":""name"",""properties"":{""name"":""urn:ogc:def:crs:EPSG::4269""}},""coordinates"":[-122.700504,45.526187]}","{""type"":""Point"",""crs"":{""type"":""name"",""properties"":{""name"":""urn:ogc:def:crs:EPSG::4269""}},""coordinates"":[-122.700822,45.536879]}"
Planned Fog Seal.csv,3,NW  SAVIER ST,28TH AVE,23RD AVE,144,"2800 NW Savier St, Portland, OR 97210","2300 NW Savier St, Portland, OR 97210",3,3,"{""type"":""Point"",""crs"":{""type"":""name"",""properties"":{""name"":""urn:ogc:def:crs:EPSG::4269""}},""coordinates"":[-122.708777,45.534596]}","{""type"":""Point"",""crs"":{""type"":""name"",""properties"":{""name"":""urn:ogc:def:crs:EPSG::4269""}},""coordinates"":[-122.698795,45.534779]}"
Planned Fog Seal.csv,4,NW  QUIMBY ST,25TH AVE,23RD AVE,145,"2498 NW Quimby St, Portland, OR 97210","2300 NW Quimby St, Portland, OR 97210",3,3,"{""type"":""Point"",""crs"":{""type"":""name"",""properties"":{""name"":""urn:ogc:def:crs:EPSG::4269""}},""coordinates"":[-122.70276,45.533279]}","{""type"":""Point"",""crs"":{""type"":""name"",""properties"":{""name"":""urn:ogc:def:crs:EPSG::4269""}},""coordinates"":[-122.698742,45.533353]}"
Planned Fog Seal.csv,5,NW  PETTYGROVE ST,26TH AVE,23RD AVE,146,"2598 NW Pettygrove St, Portland, OR 97210","2300 NW Pettygrove St, Portland, OR 97210",3,3,"{""type"":""Point"",""crs"":{""type"":""name"",""properties"":{""name"":""urn:ogc:def:crs:EPSG::4269""}},""coordinates"":[-122.704723,45.53253]}","{""type"":""Point"",""crs"":{""type"":""name"",""properties"":{""name"":""urn:ogc:def:crs:EPSG::4269""}},""coordinates"":[-122.698715,45.532641]}"
Planned Fog Seal.csv,6,NW  OVERTON ST,21ST AVE,19TH AVE,147,"2098 NW Overton St, Portland, OR 97209","1900 NW Overton St, Portland, OR 97209",3,3,"{""type"":""Point"",""crs"":{""type"":""name"",""properties"":{""name"":""urn:ogc:def:crs:EPSG::4269""}},""coordinates"":[-122.694632,45.532002]}","{""type"":""Point"",""crs"":{""type"":""name"",""properties"":{""name"":""urn:ogc:def:crs:EPSG::4269""}},""coordinates"":[-122.690575,45.532077]}"
Planned Fog Seal.csv,7,NW  20TH AVE,LOVEJOY SY,RALEIGH ST,148,"","1601 NW 20th Ave, Portland, OR 97209",-1,3,,"{""type"":""Point"",""crs"":{""type"":""name"",""properties"":{""name"":""urn:ogc:def:crs:EPSG::4269""}},""coordinates"":[-122.692683,45.534178]}"
Planned Fog Seal.csv,8,NW  17TH AVE,MARSHALL ST,NORTHRUP ST,149,"1099 NW 17th Ave, Portland, OR 97209","1201 NW 17th Ave, Portland, OR 97209",3,3,"{""type"":""Point"",""crs"":{""type"":""name"",""properties"":{""name"":""urn:ogc:def:crs:EPSG::4269""}},""coordinates"":[-122.688493,45.530689]}","{""type"":""Point"",""crs"":{""type"":""name"",""properties"":{""name"":""urn:ogc:def:crs:EPSG::4269""}},""coordinates"":[-122.68852,45.531401]}"
Planned Fog Seal.csv,9,NW  JOHNSON ST,25TH AVE,23RD AVE,150,"2498 NW Johnson St, Portland, OR 97210","2300 NW Johnson St, Portland, OR 97210",3,3,"{""type"":""Point"",""crs"":{""type"":""name"",""properties"":{""name"":""urn:ogc:def:crs:EPSG::4269""}},""coordinates"":[-122.702549,45.528285]}","{""type"":""Point"",""crs"":{""type"":""name"",""properties"":{""name"":""urn:ogc:def:crs:EPSG::4269""}},""coordinates"":[-122.698556,45.528363]}"
Planned Fog Seal.csv,10,NW  JOHNSON ST,15TH AVE,14TH AVE,151,"1498 NW Johnson St, Portland, OR 97209","1400 NW Johnson St, Portland, OR 97209",3,3,"{""type"":""Point"",""crs"":{""type"":""name"",""properties"":{""name"":""urn:ogc:def:crs:EPSG::4269""}},""coordinates"":[-122.686376,45.528591]}","{""type"":""Point"",""crs"":{""type"":""name"",""properties"":{""name"":""urn:ogc:def:crs:EPSG::4269""}},""coordinates"":[-122.685363,45.52861]}"
Planned Fog Seal.csv,11,NW  JOHNSON ST,17TH AVE,16TH AVE,152,"1700 NW Johnson St, Portland, OR 97209","1600 NW Johnson St, Portland, OR 97209",3,3,"{""type"":""Point"",""crs"":{""type"":""name"",""properties"":{""name"":""urn:ogc:def:crs:EPSG::4269""}},""coordinates"":[-122.688414,45.52855]}","{""type"":""Point"",""crs"":{""type"":""name"",""properties"":{""name"":""urn:ogc:def:crs:EPSG::4269""}},""coordinates"":[-122.687418,45.52857]}"
Planned Fog Seal.csv,12,NW  IRVING ST,241’ W of 24TH AVE,23RD AVE,153,"","2300 NW Irving St, Portland, OR 97210",-1,3,,"{""type"":""Point"",""crs"":{""type"":""name"",""properties"":{""name"":""urn:ogc:def:crs:EPSG::4269""}},""coordinates"":[-122.698529,45.527651]}"
Planned Fog Seal.csv,13,NW  HOYT ST,24TH AVE,23RD AVE,154,"2398 NW Hoyt St, Portland, OR 97210","2300 NW Hoyt St, Portland, OR 97210",3,3,"{""type"":""Point"",""crs"":{""type"":""name"",""properties"":{""name"":""urn:ogc:def:crs:EPSG::4269""}},""coordinates"":[-122.700531,45.5269]}","{""type"":""Point"",""crs"":{""type"":""name"",""properties"":{""name"":""urn:ogc:def:crs:EPSG::4269""}},""coordinates"":[-122.698502,45.526938]}"
Planned Fog Seal.csv,14,NW  FLANDERS ST,18TH AVE,16TH AVE,155,"1800 NW Flanders St, Portland, OR 97209","1600 NW Flanders St, Portland, OR 97209",3,3,"{""type"":""Point"",""crs"":{""type"":""name"",""properties"":{""name"":""urn:ogc:def:crs:EPSG::4269""}},""coordinates"":[-122.689322,45.52568]}","{""type"":""Point"",""crs"":{""type"":""name"",""properties"":{""name"":""urn:ogc:def:crs:EPSG::4269""}},""coordinates"":[-122.687298,45.525714]}"
Planned Fog Seal.csv,15,SE  30TH PL,PINE ST,BURNSIDE ST,156,"298 SE 30th Pl, Portland, OR 97214","2 SE 30th Pl, Portland, OR 97214",3,3,"{""type"":""Point"",""crs"":{""type"":""name"",""properties"":{""name"":""urn:ogc:def:crs:EPSG::4269""}},""coordinates"":[-122.633919,45.520691]}","{""type"":""Point"",""crs"":{""type"":""name"",""properties"":{""name"":""urn:ogc:def:crs:EPSG::4269""}},""coordinates"":[-122.63398,45.522867]}"
Planned Fog Seal.csv,16,SE  9TH AVE,PINE ST,BURNSIDE ST,157,"298 SE 9th Ave, Portland, OR 97214","1 NW 9th Ave, Portland, OR 97209",3,3,"{""type"":""Point"",""crs"":{""type"":""name"",""properties"":{""name"":""urn:ogc:def:crs:EPSG::4269""}},""coordinates"":[-122.656607,45.520779]}","{""type"":""Point"",""crs"":{""type"":""name"",""properties"":{""name"":""urn:ogc:def:crs:EPSG::4269""}},""coordinates"":[-122.680089,45.522996]}"
Planned Fog Seal.csv,17,SE  10TH AVE,ASH ST,BURNSIDE ST,158,"200 SE 10th Ave, Portland, OR 97214","1 NW 10th Ave, Portland, OR 97209",3,3,"{""type"":""Point"",""crs"":{""type"":""name"",""properties"":{""name"":""urn:ogc:def:crs:EPSG::4269""}},""coordinates"":[-122.65565,45.521487]}","{""type"":""Point"",""crs"":{""type"":""name"",""properties"":{""name"":""urn:ogc:def:crs:EPSG::4269""}},""coordinates"":[-122.681121,45.522976]}"
Planned Fog Seal.csv,18,SE  13TH AVE,STARK ST,BURNSIDE ST,159,"400 SW 13th Ave, Portland, OR 97205","400 SW 13th Ave, Portland, OR 97205",3,3,"{""type"":""Point"",""crs"":{""type"":""name"",""properties"":{""name"":""urn:ogc:def:crs:EPSG::4269""}},""coordinates"":[-122.684082,45.522894]}","{""type"":""Point"",""crs"":{""type"":""name"",""properties"":{""name"":""urn:ogc:def:crs:EPSG::4269""}},""coordinates"":[-122.684082,45.522894]}"
Planned Fog Seal.csv,19,SE  27TH AVE,STARK ST,ANKENY ST,160,"500 SE 27th Ave, Portland, OR 97214","100 SE 27th Ave, Portland, OR 97214",3,3,"{""type"":""Point"",""crs"":{""type"":""name"",""properties"":{""name"":""urn:ogc:def:crs:EPSG::4269""}},""coordinates"":[-122.638095,45.519314]}","{""type"":""Point"",""crs"":{""type"":""name"",""properties"":{""name"":""urn:ogc:def:crs:EPSG::4269""}},""coordinates"":[-122.638265,45.522141]}"
Planned Fog Seal.csv,20,SE  PINE ST,CESAR E CHAVEZ BLVD,44TH AVE,161,"","4399 SE Pine St, Portland, OR 97214",-1,3,,"{""type"":""Point"",""crs"":{""type"":""name"",""properties"":{""name"":""urn:ogc:def:crs:EPSG::4269""}},""coordinates"":[-122.617305,45.521263]}"
Planned Fog Seal.csv,21,SE  OAK CT,41ST AVE,44TH AVE,162,"4098 SE Oak Ct, Portland, OR 97214","4398 SE Oak Ct, Portland, OR 97214",3,3,"{""type"":""Point"",""crs"":{""type"":""name"",""properties"":{""name"":""urn:ogc:def:crs:EPSG::4269""}},""coordinates"":[-122.620035,45.519721]}","{""type"":""Point"",""crs"":{""type"":""name"",""properties"":{""name"":""urn:ogc:def:crs:EPSG::4269""}},""coordinates"":[-122.617307,45.519714]}"
Planned Fog Seal.csv,22,SE  WASHINGTON ST,41ST AVE,45TH AVE,163,"4101 SE Washington St, Portland, OR 97214","4499 SE Washington St, Portland, OR 97215",3,3,"{""type"":""Point"",""crs"":{""type"":""name"",""properties"":{""name"":""urn:ogc:def:crs:EPSG::4269""}},""coordinates"":[-122.620486,45.518599]}","{""type"":""Point"",""crs"":{""type"":""name"",""properties"":{""name"":""urn:ogc:def:crs:EPSG::4269""}},""coordinates"":[-122.616136,45.518592]}"
Planned Fog Seal.csv,42,NE  49TH AVE,ALAMEDA ST,FREMONT ST,183,"2701 NE 49th Ave, Portland, OR 97213","3499 NE 49th Ave, Portland, OR 97213",3,3,"{""type"":""Point"",""crs"":{""type"":""name"",""properties"":{""name"":""urn:ogc:def:crs:EPSG::4269""}},""coordinates"":[-122.61272,45.542309]}","{""type"":""Point"",""crs"":{""type"":""name"",""properties"":{""name"":""urn:ogc:def:crs:EPSG::4269""}},""coordinates"":[-122.61267,45.548278]}"
Planned Fog Seal.csv,43,NE  50TH AVE,ALAMEDA ST,FREMONT ST,184,"2701 NE 50th Ave, Portland, OR 97213","3501 NE 50th Ave, Portland, OR 97213",3,3,"{""type"":""Point"",""crs"":{""type"":""name"",""properties"":{""name"":""urn:ogc:def:crs:EPSG::4269""}},""coordinates"":[-122.611703,45.542271]}","{""type"":""Point"",""crs"":{""type"":""name"",""properties"":{""name"":""urn:ogc:def:crs:EPSG::4269""}},""coordinates"":[-122.611268,45.548274]}"
Planned Fog Seal.csv,44,NE  53RD AVE,ALAMEDA ST,FREMONT ST,185,"2701 NE 53rd Ave, Portland, OR 97213","3499 NE 53rd Ave, Portland, OR 97213",3,3,"{""type"":""Point"",""crs"":{""type"":""name"",""properties"":{""name"":""urn:ogc:def:crs:EPSG::4269""}},""coordinates"":[-122.608649,45.542085]}","{""type"":""Point"",""crs"":{""type"":""name"",""properties"":{""name"":""urn:ogc:def:crs:EPSG::4269""}},""coordinates"":[-122.608608,45.548263]}"
Planned Fog Seal.csv,45,NE  54TH AVE,ALAMEDA ST,FREMONT ST,186,"2701 NE 54th Ave, Portland, OR 97213","3499 NE 54th Ave, Portland, OR 97213",3,3,"{""type"":""Point"",""crs"":{""type"":""name"",""properties"":{""name"":""urn:ogc:def:crs:EPSG::4269""}},""coordinates"":[-122.607647,45.542225]}","{""type"":""Point"",""crs"":{""type"":""name"",""properties"":{""name"":""urn:ogc:def:crs:EPSG::4269""}},""coordinates"":[-122.607593,45.548258]}"
Planned Fog Seal.csv,46,NE  31ST AVE,KNOTT ST,FREMONT ST,187,"2701 NE 31st Ave, Portland, OR 97212","3499 NE 31st Ave, Portland, OR 97212",3,3,"{""type"":""Point"",""crs"":{""type"":""name"",""properties"":{""name"":""urn:ogc:def:crs:EPSG::4269""}},""coordinates"":[-122.634006,45.542038]}","{""type"":""Point"",""crs"":{""type"":""name"",""properties"":{""name"":""urn:ogc:def:crs:EPSG::4269""}},""coordinates"":[-122.633736,45.548248]}"
Planned Fog Seal.csv,47,NE  32ND AVE,SISKIYOU ST,KLICKITAT ST,188,"3101 NE 32nd Ave, Portland, OR 97212","3301 NE 32nd Ave, Portland, OR 97212",3,3,"{""type"":""Point"",""crs"":{""type"":""name"",""properties"":{""name"":""urn:ogc:def:crs:EPSG::4269""}},""coordinates"":[-122.632716,45.545277]}","{""type"":""Point"",""crs"":{""type"":""name"",""properties"":{""name"":""urn:ogc:def:crs:EPSG::4269""}},""coordinates"":[-122.63272,45.546715]}"
Planned Fog Seal.csv,48,NE  46TH AVE,ALAMEDA ST,FREMONT ST,189,"2801 NE 46th Ave, Portland, OR 97213","3501 NE 46th Ave, Portland, OR 97213",3,3,"{""type"":""Point"",""crs"":{""type"":""name"",""properties"":{""name"":""urn:ogc:def:crs:EPSG::4269""}},""coordinates"":[-122.615757,45.542705]}","{""type"":""Point"",""crs"":{""type"":""name"",""properties"":{""name"":""urn:ogc:def:crs:EPSG::4269""}},""coordinates"":[-122.616122,45.548289]}"
Planned Fog Seal.csv,49,NE  48TH AVE,ALAMEDA ST,KLICKITAT ST,190,"2701 NE 48th Ave, Portland, OR 97213","3301 NE 48th Ave, Portland, OR 97213",3,3,"{""type"":""Point"",""crs"":{""type"":""name"",""properties"":{""name"":""urn:ogc:def:crs:EPSG::4269""}},""coordinates"":[-122.613734,45.542315]}","{""type"":""Point"",""crs"":{""type"":""name"",""properties"":{""name"":""urn:ogc:def:crs:EPSG::4269""}},""coordinates"":[-122.613694,45.546949]}"
Planned Fog Seal.csv,50,NE  TILLAMOOK ST,WILLIAMS AVE,MARTIN LUTHER KING JR BLVD,191,"2 N Tillamook St, Portland, OR 97227","",2,-1,"{""type"":""Point"",""crs"":{""type"":""name"",""properties"":{""name"":""urn:ogc:def:crs:EPSG::4269""}},""coordinates"":[-122.666701,45.538047]}",
Planned Fog Seal.csv,51,NE  12TH AVE,BROADWAY,KNOTT ST,192,"1701 NE 12th Ave, Portland, OR 97212","2701 NE 12th Ave, Portland, OR 97212",3,3,"{""type"":""Point"",""crs"":{""type"":""name"",""properties"":{""name"":""urn:ogc:def:crs:EPSG::4269""}},""coordinates"":[-122.653528,45.535048]}","{""type"":""Point"",""crs"":{""type"":""name"",""properties"":{""name"":""urn:ogc:def:crs:EPSG::4269""}},""coordinates"":[-122.653482,45.542094]}"
Planned Fog Seal.csv,52,NE  16TH AVE,BROADWAY,KNOTT ST,193,"1701 NE 16th Ave, Portland, OR 97212","2701 NE 16th Ave, Portland, OR 97212",3,3,"{""type"":""Point"",""crs"":{""type"":""name"",""properties"":{""name"":""urn:ogc:def:crs:EPSG::4269""}},""coordinates"":[-122.649479,45.535034]}","{""type"":""Point"",""crs"":{""type"":""name"",""properties"":{""name"":""urn:ogc:def:crs:EPSG::4269""}},""coordinates"":[-122.649423,45.54208]}"
Planned Fog Seal.csv,53,NE  17TH AVE,BROADWAY,KNOTT ST,194,"1701 NE 17th Ave, Portland, OR 97212","2701 NE 17th Ave, Portland, OR 97212",3,3,"{""type"":""Point"",""crs"":{""type"":""name"",""properties"":{""name"":""urn:ogc:def:crs:EPSG::4269""}},""coordinates"":[-122.648455,45.535032]}","{""type"":""Point"",""crs"":{""type"":""name"",""properties"":{""name"":""urn:ogc:def:crs:EPSG::4269""}},""coordinates"":[-122.648369,45.542075]}"
Planned Fog Seal.csv,54,NE  18TH AVE,TILLAMOOK ST,KNOTT ST,195,"2101 NE 18th Ave, Portland, OR 97212","2701 NE 18th Ave, Portland, OR 97212",3,3,"{""type"":""Point"",""crs"":{""type"":""name"",""properties"":{""name"":""urn:ogc:def:crs:EPSG::4269""}},""coordinates"":[-122.647346,45.537441]}","{""type"":""Point"",""crs"":{""type"":""name"",""properties"":{""name"":""urn:ogc:def:crs:EPSG::4269""}},""coordinates"":[-122.647315,45.542072]}"
Planned Fog Seal.csv,55,NE  TILLAMOOK ST,16TH AVE,30TH AVE,196,"1599 NE Tillamook St, Portland, OR 97212","2999 NE Tillamook St, Portland, OR 97212",3,3,"{""type"":""Point"",""crs"":{""type"":""name"",""properties"":{""name"":""urn:ogc:def:crs:EPSG::4269""}},""coordinates"":[-122.649507,45.53741]}","{""type"":""Point"",""crs"":{""type"":""name"",""properties"":{""name"":""urn:ogc:def:crs:EPSG::4269""}},""coordinates"":[-122.634983,45.537125]}"
Planned Paving.csv,7,Se Grand Ave,Salmon St,Stark St,215,"1198 SE Grand Ave, Portland, OR 97214","498 SE Grand Ave, Portland, OR 97214",3,3,"{""type"":""Point"",""crs"":{""type"":""name"",""properties"":{""name"":""urn:ogc:def:crs:EPSG::4269""}},""coordinates"":[-122.660763,45.514375]}","{""type"":""Point"",""crs"":{""type"":""name"",""properties"":{""name"":""urn:ogc:def:crs:EPSG::4269""}},""coordinates"":[-122.66073,45.519366]}"
Planned Paving.csv,8,NE Couch Ct,3rd Ave,Couch St,216,"300 NW Couch St, Portland, OR 97209","1800 NW Couch St, Portland, OR 97209",4,4,"{""type"":""Point"",""crs"":{""type"":""name"",""properties"":{""name"":""urn:ogc:def:crs:EPSG::4269""}},""coordinates"":[-122.673407,45.523831]}","{""type"":""Point"",""crs"":{""type"":""name"",""properties"":{""name"":""urn:ogc:def:crs:EPSG::4269""}},""coordinates"":[-122.689243,45.523541]}"
Planned Paving.csv,9,NW  THURMAN ST,26TH AVE,378’ E of 21ST AVE,217,"2600 NW Thurman St, Portland, OR 97210","",3,-1,"{""type"":""Point"",""crs"":{""type"":""name"",""properties"":{""name"":""urn:ogc:def:crs:EPSG::4269""}},""coordinates"":[-122.70483,45.535381]}",
Planned Paving.csv,10,NW  21ST AVE,MARSHALL ST,Vaughn st-Thruman st Ramp,218,"1101 NW 21st Ave, Portland, OR 97209","",3,-1,"{""type"":""Point"",""crs"":{""type"":""name"",""properties"":{""name"":""urn:ogc:def:crs:EPSG::4269""}},""coordinates"":[-122.694579,45.530577]}",
Planned Paving.csv,11,NW  THURMAN ST,19TH AVE,15TH AVE,219,"1900 NW Thurman St, Portland, OR 97210","1500 NW Thurman St, Portland, OR 97209",3,3,"{""type"":""Point"",""crs"":{""type"":""name"",""properties"":{""name"":""urn:ogc:def:crs:EPSG::4269""}},""coordinates"":[-122.690716,45.535637]}","{""type"":""Point"",""crs"":{""type"":""name"",""properties"":{""name"":""urn:ogc:def:crs:EPSG::4269""}},""coordinates"":[-122.68665,45.535716]}"
Planned Paving.csv,12,NW  14TH AVE,BURNSIDE ST,NORTHRUP ST,220,"1 NE 14th Ave, Portland, OR 97232","1201 NW 14th Ave, Portland, OR 97209",3,3,"{""type"":""Point"",""crs"":{""type"":""name"",""properties"":{""name"":""urn:ogc:def:crs:EPSG::4269""}},""coordinates"":[-122.651577,45.522901]}","{""type"":""Point"",""crs"":{""type"":""name"",""properties"":{""name"":""urn:ogc:def:crs:EPSG::4269""}},""coordinates"":[-122.685477,45.531457]}"
Planned Paving.csv,13,SW  WASHINGTON ST,9TH AVE,1ST AVE,221,"900 SW Washington St, Portland, OR 97205","SW Washington St, Portland, OR",3,3,"{""type"":""Point"",""crs"":{""type"":""name"",""properties"":{""name"":""urn:ogc:def:crs:EPSG::4269""}},""coordinates"":[-122.680423,45.521083]}","{""type"":""Point"",""crs"":{""type"":""name"",""properties"":{""name"":""urn:ogc:def:crs:EPSG::4269""}},""coordinates"":[-122.672883,45.519071]}"
Planned Paving.csv,14,SW  MORRISON ST,18TH AVE,11TH AVE,222,"1798 SW Morrison St, Portland, OR 97205","1100 SW Morrison St, Portland, OR 97205",3,3,"{""type"":""Point"",""crs"":{""type"":""name"",""properties"":{""name"":""urn:ogc:def:crs:EPSG::4269""}},""coordinates"":[-122.69013,45.522164]}","{""type"":""Point"",""crs"":{""type"":""name"",""properties"":{""name"":""urn:ogc:def:crs:EPSG::4269""}},""coordinates"":[-122.683122,45.520283]}"
Planned Paving.csv,15,SW  JEFFERSON ST,841’ W of 20TH AVE (N SIDE),PARK AVE,223,"","900 SW Jefferson St, Portland, OR 97201",-1,3,,"{""type"":""Point"",""crs"":{""type"":""name"",""properties"":{""name"":""urn:ogc:def:crs:EPSG::4269""}},""coordinates"":[-122.683269,45.515741]}"
Planned Paving.csv,16,SE  GRAND AVE,OAK ST,BURNSIDE ST,224,"398 SE Grand Ave, Portland, OR 97214","2 NE Grand Ave, Portland, OR 97232",3,3,"{""type"":""Point"",""crs"":{""type"":""name"",""properties"":{""name"":""urn:ogc:def:crs:EPSG::4269""}},""coordinates"":[-122.660726,45.520079]}","{""type"":""Point"",""crs"":{""type"":""name"",""properties"":{""name"":""urn:ogc:def:crs:EPSG::4269""}},""coordinates"":[-122.660707,45.522932]}"
Planned Paving.csv,17,SE  SANDY BLVD,STARK ST,BURNSIDE ST,225,"799 SE Sandy Blvd, Portland, OR 97214","1201 NE Sandy Blvd, Portland, OR 97232",3,3,"{""type"":""Point"",""crs"":{""type"":""name"",""properties"":{""name"":""urn:ogc:def:crs:EPSG::4269""}},""coordinates"":[-122.657741,45.519356]}","{""type"":""Point"",""crs"":{""type"":""name"",""properties"":{""name"":""urn:ogc:def:crs:EPSG::4269""}},""coordinates"":[-122.65323,45.522913]}"
Planned Paving.csv,18,N  INTERSTATE AVE,LARRABEE ST,TILLAMOOK ST,226,"2551 N Interstate Ave, Portland, OR 97227","2001 N Interstate Ave, Portland, OR 97227",2,2,"{""type"":""Point"",""crs"":{""type"":""name"",""properties"":{""name"":""urn:ogc:def:crs:EPSG::4269""}},""coordinates"":[-122.677118,45.540395]}","{""type"":""Point"",""crs"":{""type"":""name"",""properties"":{""name"":""urn:ogc:def:crs:EPSG::4269""}},""coordinates"":[-122.674633,45.537816]}"
Planned Paving.csv,19,N  BROADWAY,BROADWAY BRG,VANCOUVER AVE,227,"999 NW Broadway, Portland, OR 97209","N Broadway St, Portland, OR",3,5,"{""type"":""Point"",""crs"":{""type"":""name"",""properties"":{""name"":""urn:ogc:def:crs:EPSG::4269""}},""coordinates"":[-122.677643,45.529881]}","{""type"":""Point"",""crs"":{""type"":""name"",""properties"":{""name"":""urn:ogc:def:crs:EPSG::4269""}},""coordinates"":[-122.667738,45.535098]}"
Planned Paving.csv,20,NE  57TH AVE,HALSEY ST,FREMONT ST,228,"1501 NE 57th Ave, Portland, OR 97213","3501 NE 57th Ave, Portland, OR 97213",3,3,"{""type"":""Point"",""crs"":{""type"":""name"",""properties"":{""name"":""urn:ogc:def:crs:EPSG::4269""}},""coordinates"":[-122.604737,45.533714]}","{""type"":""Point"",""crs"":{""type"":""name"",""properties"":{""name"":""urn:ogc:def:crs:EPSG::4269""}},""coordinates"":[-122.604542,45.548242]}"
Planned Paving.csv,21,NE  BROADWAY,WILLIAMS AVE,3RD AVE,229,"NE Broadway St, Portland, OR","299 NE Broadway St, Portland, OR 97232",6,6,"{""type"":""Point"",""crs"":{""type"":""name"",""properties"":{""name"":""urn:ogc:def:crs:EPSG::4269""}},""coordinates"":[-122.666746,45.535095]}","{""type"":""Point"",""crs"":{""type"":""name"",""properties"":{""name"":""urn:ogc:def:crs:EPSG::4269""}},""coordinates"":[-122.662658,45.535091]}"
Planned Paving.csv,22,SE  CESAR E CHAVEZ BLVD,HOLGATE BLVD,BURNSIDE ST,230,"","",-1,-1,,
Planned Paving.csv,23,NE  60TH AVE,BURNSIDE ST,HALSEY ST,231,"1 NE 60th Ave, Portland, OR 97213","1501 NE 60th Ave, Portland, OR 97213",3,3,"{""type"":""Point"",""crs"":{""type"":""name"",""properties"":{""name"":""urn:ogc:def:crs:EPSG::4269""}},""coordinates"":[-122.602317,45.522874]}","{""type"":""Point"",""crs"":{""type"":""name"",""properties"":{""name"":""urn:ogc:def:crs:EPSG::4269""}},""coordinates"":[-122.601591,45.533709]}"
Planned Paving.csv,24,NW  21ST AVE,Thurman st-Vaugnst Ramp,SHERLOCK AVE,232,"","2499 NW 21st Ave, Portland, OR 97209",-1,3,,"{""type"":""Point"",""crs"":{""type"":""name"",""properties"":{""name"":""urn:ogc:def:crs:EPSG::4269""}},""coordinates"":[-122.694707,45.540732]}"
Planned Paving.csv,25,NW 20th,NW Raleight to Upshur St,NW Thurman from 21st 50 19th Ave,233,"","",-1,-1,,
